#
# TABLE STRUCTURE FOR: communities
#

DROP TABLE IF EXISTS `communities`;

CREATE TABLE `communities` (
  `id` int(10) unsigned NOT NULL AUTO_INCREMENT COMMENT 'Идентификатор сроки',
  `name` varchar(150) COLLATE utf8mb4_unicode_ci NOT NULL COMMENT 'Название группы',
  `created_at` datetime DEFAULT current_timestamp() COMMENT 'Время создания строки',
  `updated_at` datetime DEFAULT current_timestamp() ON UPDATE current_timestamp() COMMENT 'Время обновления строки',
  PRIMARY KEY (`id`),
  UNIQUE KEY `name` (`name`)
) ENGINE=InnoDB AUTO_INCREMENT=101 DEFAULT CHARSET=utf8mb4 COLLATE=utf8mb4_unicode_ci;

INSERT INTO `communities` (`id`, `name`, `created_at`, `updated_at`) VALUES (1, 'dicta', '1973-11-20 01:38:46', '2013-01-26 16:16:15');
INSERT INTO `communities` (`id`, `name`, `created_at`, `updated_at`) VALUES (2, 'alias', '1990-09-15 12:44:45', '2021-07-09 06:38:36');
INSERT INTO `communities` (`id`, `name`, `created_at`, `updated_at`) VALUES (3, 'corporis', '1991-04-10 07:16:00', '1983-04-24 19:01:18');
INSERT INTO `communities` (`id`, `name`, `created_at`, `updated_at`) VALUES (4, 'adipisci', '1976-05-12 13:54:19', '1981-03-17 05:45:19');
INSERT INTO `communities` (`id`, `name`, `created_at`, `updated_at`) VALUES (5, 'a', '1990-12-22 19:13:35', '2012-09-02 09:50:25');
INSERT INTO `communities` (`id`, `name`, `created_at`, `updated_at`) VALUES (6, 'velit', '1973-04-29 01:06:48', '1991-05-12 23:48:29');
INSERT INTO `communities` (`id`, `name`, `created_at`, `updated_at`) VALUES (7, 'qui', '2013-08-03 23:17:44', '1985-05-08 12:05:53');
INSERT INTO `communities` (`id`, `name`, `created_at`, `updated_at`) VALUES (8, 'aliquam', '2003-03-07 13:55:16', '2018-01-05 18:55:35');
INSERT INTO `communities` (`id`, `name`, `created_at`, `updated_at`) VALUES (9, 'ea', '2021-08-21 12:14:34', '1985-06-24 06:52:42');
INSERT INTO `communities` (`id`, `name`, `created_at`, `updated_at`) VALUES (10, 'non', '1986-11-26 16:35:28', '2019-11-27 12:42:22');
INSERT INTO `communities` (`id`, `name`, `created_at`, `updated_at`) VALUES (11, 'voluptatum', '1973-02-23 01:16:51', '1986-11-22 19:40:09');
INSERT INTO `communities` (`id`, `name`, `created_at`, `updated_at`) VALUES (12, 'id', '2020-07-29 17:17:41', '2001-06-03 13:09:32');
INSERT INTO `communities` (`id`, `name`, `created_at`, `updated_at`) VALUES (13, 'maxime', '2017-04-25 18:24:46', '1990-05-02 03:41:17');
INSERT INTO `communities` (`id`, `name`, `created_at`, `updated_at`) VALUES (14, 'et', '2008-07-25 10:57:15', '2009-10-16 04:33:19');
INSERT INTO `communities` (`id`, `name`, `created_at`, `updated_at`) VALUES (15, 'ut', '1998-04-18 04:55:43', '1986-01-16 02:23:11');
INSERT INTO `communities` (`id`, `name`, `created_at`, `updated_at`) VALUES (16, 'at', '1991-06-24 10:59:26', '2014-09-20 12:21:36');
INSERT INTO `communities` (`id`, `name`, `created_at`, `updated_at`) VALUES (17, 'in', '1974-07-13 21:05:43', '1983-09-07 09:14:58');
INSERT INTO `communities` (`id`, `name`, `created_at`, `updated_at`) VALUES (18, 'eaque', '1979-12-03 00:15:56', '2008-03-13 00:37:08');
INSERT INTO `communities` (`id`, `name`, `created_at`, `updated_at`) VALUES (19, 'facilis', '1996-07-09 12:38:52', '1970-09-12 18:05:03');
INSERT INTO `communities` (`id`, `name`, `created_at`, `updated_at`) VALUES (20, 'rerum', '1990-01-14 01:22:05', '1986-04-25 14:41:04');
INSERT INTO `communities` (`id`, `name`, `created_at`, `updated_at`) VALUES (21, 'sit', '1997-12-10 17:05:02', '1974-08-26 07:31:10');
INSERT INTO `communities` (`id`, `name`, `created_at`, `updated_at`) VALUES (22, 'sed', '2005-07-24 10:27:36', '1985-03-03 07:20:47');
INSERT INTO `communities` (`id`, `name`, `created_at`, `updated_at`) VALUES (23, 'eos', '2001-08-27 20:31:15', '1981-05-27 07:01:31');
INSERT INTO `communities` (`id`, `name`, `created_at`, `updated_at`) VALUES (24, 'maiores', '1986-05-16 09:57:09', '1978-03-01 02:38:26');
INSERT INTO `communities` (`id`, `name`, `created_at`, `updated_at`) VALUES (25, 'numquam', '2001-10-16 14:50:52', '1988-10-14 04:10:03');
INSERT INTO `communities` (`id`, `name`, `created_at`, `updated_at`) VALUES (26, 'harum', '1988-11-08 12:08:41', '2016-10-12 04:09:17');
INSERT INTO `communities` (`id`, `name`, `created_at`, `updated_at`) VALUES (27, 'fugit', '1993-05-31 09:40:13', '2014-10-11 09:03:08');
INSERT INTO `communities` (`id`, `name`, `created_at`, `updated_at`) VALUES (28, 'consequatur', '2001-12-04 19:57:38', '2011-03-23 22:02:53');
INSERT INTO `communities` (`id`, `name`, `created_at`, `updated_at`) VALUES (29, 'aut', '2002-04-22 18:21:59', '2019-04-28 00:17:57');
INSERT INTO `communities` (`id`, `name`, `created_at`, `updated_at`) VALUES (30, 'rem', '1980-03-18 03:13:55', '1982-05-01 09:53:57');
INSERT INTO `communities` (`id`, `name`, `created_at`, `updated_at`) VALUES (31, 'molestiae', '1981-10-20 13:24:39', '1973-10-24 11:18:00');
INSERT INTO `communities` (`id`, `name`, `created_at`, `updated_at`) VALUES (32, 'quod', '1988-07-04 06:54:18', '1996-02-23 05:39:45');
INSERT INTO `communities` (`id`, `name`, `created_at`, `updated_at`) VALUES (33, 'quia', '2004-03-08 02:24:42', '1990-09-24 10:34:28');
INSERT INTO `communities` (`id`, `name`, `created_at`, `updated_at`) VALUES (34, 'fugiat', '1972-08-22 16:20:07', '1995-08-29 15:35:29');
INSERT INTO `communities` (`id`, `name`, `created_at`, `updated_at`) VALUES (35, 'fuga', '1973-10-18 02:27:47', '2013-03-13 07:15:31');
INSERT INTO `communities` (`id`, `name`, `created_at`, `updated_at`) VALUES (36, 'incidunt', '2007-12-29 08:26:11', '1988-02-16 13:11:00');
INSERT INTO `communities` (`id`, `name`, `created_at`, `updated_at`) VALUES (37, 'impedit', '2018-02-03 23:17:44', '2010-04-11 09:35:41');
INSERT INTO `communities` (`id`, `name`, `created_at`, `updated_at`) VALUES (38, 'omnis', '1998-09-09 09:23:36', '1997-11-04 20:46:38');
INSERT INTO `communities` (`id`, `name`, `created_at`, `updated_at`) VALUES (39, 'amet', '1988-08-24 04:28:14', '1988-08-02 08:26:00');
INSERT INTO `communities` (`id`, `name`, `created_at`, `updated_at`) VALUES (40, 'veritatis', '1974-06-14 20:03:35', '1977-04-27 06:38:40');
INSERT INTO `communities` (`id`, `name`, `created_at`, `updated_at`) VALUES (41, 'beatae', '1990-04-30 03:20:44', '1972-07-18 08:54:58');
INSERT INTO `communities` (`id`, `name`, `created_at`, `updated_at`) VALUES (42, 'voluptatem', '2008-07-23 06:37:52', '2001-10-02 23:06:07');
INSERT INTO `communities` (`id`, `name`, `created_at`, `updated_at`) VALUES (43, 'eum', '1981-01-18 02:55:11', '1986-08-19 12:53:56');
INSERT INTO `communities` (`id`, `name`, `created_at`, `updated_at`) VALUES (44, 'corrupti', '2009-09-05 07:25:37', '1990-07-31 15:09:25');
INSERT INTO `communities` (`id`, `name`, `created_at`, `updated_at`) VALUES (45, 'deleniti', '1990-02-09 14:01:01', '1984-08-08 01:15:16');
INSERT INTO `communities` (`id`, `name`, `created_at`, `updated_at`) VALUES (46, 'ratione', '2016-04-12 23:48:31', '1982-11-28 08:39:02');
INSERT INTO `communities` (`id`, `name`, `created_at`, `updated_at`) VALUES (47, 'error', '1985-04-30 20:10:58', '2018-10-24 06:06:40');
INSERT INTO `communities` (`id`, `name`, `created_at`, `updated_at`) VALUES (48, 'dolores', '2014-09-06 10:15:33', '1993-05-19 01:24:31');
INSERT INTO `communities` (`id`, `name`, `created_at`, `updated_at`) VALUES (49, 'natus', '2001-10-13 04:25:36', '2002-10-15 17:26:14');
INSERT INTO `communities` (`id`, `name`, `created_at`, `updated_at`) VALUES (50, 'assumenda', '2008-09-12 13:35:03', '1989-04-07 14:01:32');
INSERT INTO `communities` (`id`, `name`, `created_at`, `updated_at`) VALUES (51, 'quo', '2018-09-15 00:02:33', '2018-11-27 05:14:58');
INSERT INTO `communities` (`id`, `name`, `created_at`, `updated_at`) VALUES (52, 'debitis', '1974-02-18 15:24:43', '2012-04-07 14:57:14');
INSERT INTO `communities` (`id`, `name`, `created_at`, `updated_at`) VALUES (53, 'libero', '1992-09-01 07:40:27', '1997-06-16 02:13:30');
INSERT INTO `communities` (`id`, `name`, `created_at`, `updated_at`) VALUES (54, 'nobis', '2021-05-29 02:01:31', '2005-08-14 14:54:42');
INSERT INTO `communities` (`id`, `name`, `created_at`, `updated_at`) VALUES (55, 'nulla', '1992-11-26 13:31:11', '1983-10-15 11:38:51');
INSERT INTO `communities` (`id`, `name`, `created_at`, `updated_at`) VALUES (56, 'mollitia', '2001-02-25 06:22:08', '2001-12-17 05:58:48');
INSERT INTO `communities` (`id`, `name`, `created_at`, `updated_at`) VALUES (57, 'ducimus', '1973-05-13 20:25:07', '1992-02-18 13:09:06');
INSERT INTO `communities` (`id`, `name`, `created_at`, `updated_at`) VALUES (58, 'facere', '2000-08-16 17:54:32', '1972-03-28 12:00:52');
INSERT INTO `communities` (`id`, `name`, `created_at`, `updated_at`) VALUES (59, 'laboriosam', '1996-08-14 12:32:25', '2007-04-26 04:12:01');
INSERT INTO `communities` (`id`, `name`, `created_at`, `updated_at`) VALUES (60, 'reprehenderit', '1977-03-31 13:08:58', '2014-01-23 20:01:24');
INSERT INTO `communities` (`id`, `name`, `created_at`, `updated_at`) VALUES (61, 'doloremque', '2008-07-09 18:57:25', '2004-04-23 10:17:35');
INSERT INTO `communities` (`id`, `name`, `created_at`, `updated_at`) VALUES (62, 'illo', '2019-02-03 02:09:35', '1977-06-29 06:34:04');
INSERT INTO `communities` (`id`, `name`, `created_at`, `updated_at`) VALUES (63, 'provident', '2007-08-02 12:22:10', '1996-05-10 19:36:14');
INSERT INTO `communities` (`id`, `name`, `created_at`, `updated_at`) VALUES (64, 'recusandae', '1972-10-03 18:47:39', '1994-02-28 22:54:05');
INSERT INTO `communities` (`id`, `name`, `created_at`, `updated_at`) VALUES (65, 'minus', '1990-02-22 03:41:00', '1973-04-12 17:28:23');
INSERT INTO `communities` (`id`, `name`, `created_at`, `updated_at`) VALUES (66, 'occaecati', '1992-02-29 14:58:45', '1972-12-23 07:51:03');
INSERT INTO `communities` (`id`, `name`, `created_at`, `updated_at`) VALUES (67, 'cupiditate', '1998-07-17 23:33:14', '1989-12-23 02:22:03');
INSERT INTO `communities` (`id`, `name`, `created_at`, `updated_at`) VALUES (68, 'voluptas', '2013-07-01 19:50:09', '1970-04-30 19:39:43');
INSERT INTO `communities` (`id`, `name`, `created_at`, `updated_at`) VALUES (69, 'nostrum', '1976-05-23 06:29:12', '1995-08-25 02:05:00');
INSERT INTO `communities` (`id`, `name`, `created_at`, `updated_at`) VALUES (70, 'blanditiis', '1997-06-07 17:32:25', '2013-06-18 12:32:33');
INSERT INTO `communities` (`id`, `name`, `created_at`, `updated_at`) VALUES (71, 'quisquam', '1986-01-29 14:26:08', '1998-04-07 14:19:05');
INSERT INTO `communities` (`id`, `name`, `created_at`, `updated_at`) VALUES (72, 'nihil', '1997-11-06 05:32:44', '1983-03-10 11:53:17');
INSERT INTO `communities` (`id`, `name`, `created_at`, `updated_at`) VALUES (73, 'inventore', '2009-11-09 10:41:08', '1977-07-19 19:16:57');
INSERT INTO `communities` (`id`, `name`, `created_at`, `updated_at`) VALUES (74, 'veniam', '1998-08-10 22:18:18', '1983-08-05 20:24:59');
INSERT INTO `communities` (`id`, `name`, `created_at`, `updated_at`) VALUES (75, 'dolore', '1978-07-05 10:11:43', '1971-06-11 04:12:03');
INSERT INTO `communities` (`id`, `name`, `created_at`, `updated_at`) VALUES (76, 'sint', '2002-08-12 04:02:23', '2017-03-01 10:56:28');
INSERT INTO `communities` (`id`, `name`, `created_at`, `updated_at`) VALUES (77, 'autem', '2011-03-31 00:15:42', '2002-07-11 14:34:15');
INSERT INTO `communities` (`id`, `name`, `created_at`, `updated_at`) VALUES (78, 'neque', '1992-07-22 07:49:13', '1996-06-22 10:59:10');
INSERT INTO `communities` (`id`, `name`, `created_at`, `updated_at`) VALUES (79, 'voluptate', '1986-10-08 14:53:51', '2020-02-29 00:13:42');
INSERT INTO `communities` (`id`, `name`, `created_at`, `updated_at`) VALUES (80, 'totam', '1976-05-24 13:36:24', '2001-01-09 10:01:08');
INSERT INTO `communities` (`id`, `name`, `created_at`, `updated_at`) VALUES (81, 'sequi', '1986-03-25 15:30:33', '1998-11-13 19:21:54');
INSERT INTO `communities` (`id`, `name`, `created_at`, `updated_at`) VALUES (82, 'quis', '2011-04-08 12:57:57', '1996-03-27 15:58:14');
INSERT INTO `communities` (`id`, `name`, `created_at`, `updated_at`) VALUES (83, 'dignissimos', '1983-04-15 19:22:16', '1996-01-11 14:17:42');
INSERT INTO `communities` (`id`, `name`, `created_at`, `updated_at`) VALUES (84, 'sunt', '1970-07-22 02:50:36', '1991-03-17 21:18:52');
INSERT INTO `communities` (`id`, `name`, `created_at`, `updated_at`) VALUES (85, 'distinctio', '1986-02-04 18:06:29', '1974-05-17 06:17:35');
INSERT INTO `communities` (`id`, `name`, `created_at`, `updated_at`) VALUES (86, 'quaerat', '1985-05-13 03:02:54', '2017-12-05 08:19:29');
INSERT INTO `communities` (`id`, `name`, `created_at`, `updated_at`) VALUES (87, 'possimus', '1993-03-11 13:25:53', '1978-06-18 07:52:49');
INSERT INTO `communities` (`id`, `name`, `created_at`, `updated_at`) VALUES (88, 'magni', '2011-01-16 05:56:11', '1986-12-21 19:14:37');
INSERT INTO `communities` (`id`, `name`, `created_at`, `updated_at`) VALUES (89, 'itaque', '1976-09-12 22:36:07', '1984-10-15 18:55:39');
INSERT INTO `communities` (`id`, `name`, `created_at`, `updated_at`) VALUES (90, 'similique', '1977-02-17 03:31:36', '1985-08-21 08:14:37');
INSERT INTO `communities` (`id`, `name`, `created_at`, `updated_at`) VALUES (91, 'quos', '2010-01-24 21:26:18', '1988-04-09 21:16:45');
INSERT INTO `communities` (`id`, `name`, `created_at`, `updated_at`) VALUES (92, 'suscipit', '1976-06-02 11:24:32', '1978-01-18 07:35:04');
INSERT INTO `communities` (`id`, `name`, `created_at`, `updated_at`) VALUES (93, 'tempore', '1981-04-11 18:28:29', '2013-10-12 04:29:11');
INSERT INTO `communities` (`id`, `name`, `created_at`, `updated_at`) VALUES (94, 'officia', '1984-04-28 13:00:16', '1990-08-04 22:12:48');
INSERT INTO `communities` (`id`, `name`, `created_at`, `updated_at`) VALUES (95, 'perspiciatis', '2017-06-07 12:33:06', '1975-07-16 00:05:47');
INSERT INTO `communities` (`id`, `name`, `created_at`, `updated_at`) VALUES (96, 'est', '1980-10-01 03:55:42', '1983-08-17 13:44:49');
INSERT INTO `communities` (`id`, `name`, `created_at`, `updated_at`) VALUES (97, 'accusantium', '2018-07-06 05:00:55', '2012-04-07 20:44:08');
INSERT INTO `communities` (`id`, `name`, `created_at`, `updated_at`) VALUES (98, 'quae', '1988-08-15 02:11:35', '1989-05-17 14:28:37');
INSERT INTO `communities` (`id`, `name`, `created_at`, `updated_at`) VALUES (99, 'culpa', '1972-06-25 02:24:49', '1979-11-27 20:16:23');
INSERT INTO `communities` (`id`, `name`, `created_at`, `updated_at`) VALUES (100, 'ex', '2008-12-21 03:08:01', '2001-10-24 06:27:28');


#
# TABLE STRUCTURE FOR: communities_users
#

DROP TABLE IF EXISTS `communities_users`;

CREATE TABLE `communities_users` (
  `community_id` int(10) unsigned NOT NULL COMMENT 'Ссылка на группу',
  `user_id` int(10) unsigned NOT NULL COMMENT 'Ссылка на пользователя',
  `created_at` datetime DEFAULT current_timestamp() COMMENT 'Время создания строки',
  `updated_at` datetime DEFAULT current_timestamp() ON UPDATE current_timestamp() COMMENT 'Время обновления строки',
  PRIMARY KEY (`community_id`,`user_id`) COMMENT 'Составной первичный ключ',
  KEY `communities_user_id` (`user_id`),
  CONSTRAINT `communities_user_id` FOREIGN KEY (`user_id`) REFERENCES `users` (`id`)
) ENGINE=InnoDB DEFAULT CHARSET=utf8mb4 COLLATE=utf8mb4_unicode_ci;

INSERT INTO `communities_users` (`community_id`, `user_id`, `created_at`, `updated_at`) VALUES (1, 1, '1991-08-31 08:45:12', '2004-11-26 08:43:20');
INSERT INTO `communities_users` (`community_id`, `user_id`, `created_at`, `updated_at`) VALUES (2, 2, '1978-03-26 02:53:04', '1986-01-28 17:27:14');
INSERT INTO `communities_users` (`community_id`, `user_id`, `created_at`, `updated_at`) VALUES (3, 3, '1977-02-07 06:25:30', '2003-05-11 06:14:08');
INSERT INTO `communities_users` (`community_id`, `user_id`, `created_at`, `updated_at`) VALUES (4, 4, '1976-09-08 05:27:01', '2013-12-28 22:13:42');
INSERT INTO `communities_users` (`community_id`, `user_id`, `created_at`, `updated_at`) VALUES (5, 5, '1973-05-19 06:24:30', '2019-12-05 12:24:15');
INSERT INTO `communities_users` (`community_id`, `user_id`, `created_at`, `updated_at`) VALUES (6, 6, '1970-12-11 07:48:23', '2020-12-24 10:47:52');
INSERT INTO `communities_users` (`community_id`, `user_id`, `created_at`, `updated_at`) VALUES (7, 7, '1987-06-30 09:28:12', '1992-01-06 05:23:33');
INSERT INTO `communities_users` (`community_id`, `user_id`, `created_at`, `updated_at`) VALUES (8, 8, '1984-08-02 04:45:16', '2013-09-30 22:02:00');
INSERT INTO `communities_users` (`community_id`, `user_id`, `created_at`, `updated_at`) VALUES (9, 9, '1975-05-14 08:50:51', '2010-11-01 11:40:19');
INSERT INTO `communities_users` (`community_id`, `user_id`, `created_at`, `updated_at`) VALUES (10, 10, '1998-12-30 06:29:49', '1970-10-28 23:47:45');
INSERT INTO `communities_users` (`community_id`, `user_id`, `created_at`, `updated_at`) VALUES (11, 11, '1978-05-22 14:39:34', '1971-10-19 16:44:04');
INSERT INTO `communities_users` (`community_id`, `user_id`, `created_at`, `updated_at`) VALUES (12, 12, '1979-08-27 19:23:48', '1974-09-02 13:54:07');
INSERT INTO `communities_users` (`community_id`, `user_id`, `created_at`, `updated_at`) VALUES (13, 13, '1978-04-19 13:49:44', '1989-03-19 19:06:29');
INSERT INTO `communities_users` (`community_id`, `user_id`, `created_at`, `updated_at`) VALUES (14, 14, '2012-02-26 21:26:09', '1972-08-01 18:23:05');
INSERT INTO `communities_users` (`community_id`, `user_id`, `created_at`, `updated_at`) VALUES (15, 15, '2016-10-03 23:44:25', '1978-08-22 23:31:28');
INSERT INTO `communities_users` (`community_id`, `user_id`, `created_at`, `updated_at`) VALUES (16, 16, '2017-03-26 10:28:00', '2008-11-22 16:16:31');
INSERT INTO `communities_users` (`community_id`, `user_id`, `created_at`, `updated_at`) VALUES (17, 17, '2020-02-05 16:06:12', '1983-11-25 06:57:47');
INSERT INTO `communities_users` (`community_id`, `user_id`, `created_at`, `updated_at`) VALUES (18, 18, '2009-02-26 16:37:16', '2005-03-26 06:08:52');
INSERT INTO `communities_users` (`community_id`, `user_id`, `created_at`, `updated_at`) VALUES (19, 19, '1991-09-26 00:24:29', '1977-06-30 07:39:50');
INSERT INTO `communities_users` (`community_id`, `user_id`, `created_at`, `updated_at`) VALUES (20, 20, '2005-11-23 00:08:20', '1982-06-16 10:53:52');
INSERT INTO `communities_users` (`community_id`, `user_id`, `created_at`, `updated_at`) VALUES (21, 21, '2020-01-15 12:15:51', '2017-05-18 18:36:27');
INSERT INTO `communities_users` (`community_id`, `user_id`, `created_at`, `updated_at`) VALUES (22, 22, '1974-07-02 10:33:48', '1988-12-31 22:04:45');
INSERT INTO `communities_users` (`community_id`, `user_id`, `created_at`, `updated_at`) VALUES (23, 23, '1979-01-09 21:30:55', '1972-07-22 12:14:41');
INSERT INTO `communities_users` (`community_id`, `user_id`, `created_at`, `updated_at`) VALUES (24, 24, '1982-06-03 10:59:33', '2016-01-21 12:10:40');
INSERT INTO `communities_users` (`community_id`, `user_id`, `created_at`, `updated_at`) VALUES (25, 25, '1980-03-08 02:08:35', '2011-03-12 03:45:22');
INSERT INTO `communities_users` (`community_id`, `user_id`, `created_at`, `updated_at`) VALUES (26, 26, '1997-12-01 18:56:32', '2004-12-16 03:54:01');
INSERT INTO `communities_users` (`community_id`, `user_id`, `created_at`, `updated_at`) VALUES (27, 27, '1978-11-18 01:02:03', '2009-05-10 17:34:31');
INSERT INTO `communities_users` (`community_id`, `user_id`, `created_at`, `updated_at`) VALUES (28, 28, '2012-07-26 10:33:02', '1973-08-29 15:02:57');
INSERT INTO `communities_users` (`community_id`, `user_id`, `created_at`, `updated_at`) VALUES (29, 29, '1998-09-02 19:01:59', '2015-07-08 21:24:49');
INSERT INTO `communities_users` (`community_id`, `user_id`, `created_at`, `updated_at`) VALUES (30, 30, '1981-01-16 21:47:01', '1974-10-18 21:03:24');
INSERT INTO `communities_users` (`community_id`, `user_id`, `created_at`, `updated_at`) VALUES (31, 31, '2010-10-01 07:32:05', '1974-07-07 00:50:36');
INSERT INTO `communities_users` (`community_id`, `user_id`, `created_at`, `updated_at`) VALUES (32, 32, '1991-08-08 19:50:41', '1975-02-27 18:22:20');
INSERT INTO `communities_users` (`community_id`, `user_id`, `created_at`, `updated_at`) VALUES (33, 33, '1972-02-15 23:35:20', '1975-08-25 01:13:15');
INSERT INTO `communities_users` (`community_id`, `user_id`, `created_at`, `updated_at`) VALUES (34, 34, '2001-12-21 23:57:36', '2015-03-11 11:19:14');
INSERT INTO `communities_users` (`community_id`, `user_id`, `created_at`, `updated_at`) VALUES (35, 35, '2007-02-08 00:56:02', '1997-10-11 02:44:05');
INSERT INTO `communities_users` (`community_id`, `user_id`, `created_at`, `updated_at`) VALUES (36, 36, '1990-12-28 09:42:31', '1998-06-10 19:09:31');
INSERT INTO `communities_users` (`community_id`, `user_id`, `created_at`, `updated_at`) VALUES (37, 37, '2014-05-20 00:42:59', '2003-08-26 23:57:22');
INSERT INTO `communities_users` (`community_id`, `user_id`, `created_at`, `updated_at`) VALUES (38, 38, '1985-11-10 03:46:29', '1988-08-11 10:52:01');
INSERT INTO `communities_users` (`community_id`, `user_id`, `created_at`, `updated_at`) VALUES (39, 39, '1975-09-05 09:07:43', '1973-02-02 16:27:29');
INSERT INTO `communities_users` (`community_id`, `user_id`, `created_at`, `updated_at`) VALUES (40, 40, '1993-10-03 15:28:46', '1970-01-05 18:35:37');
INSERT INTO `communities_users` (`community_id`, `user_id`, `created_at`, `updated_at`) VALUES (41, 41, '1976-11-10 18:23:54', '2005-12-28 01:21:53');
INSERT INTO `communities_users` (`community_id`, `user_id`, `created_at`, `updated_at`) VALUES (42, 42, '2014-10-03 20:48:11', '1976-06-08 11:41:35');
INSERT INTO `communities_users` (`community_id`, `user_id`, `created_at`, `updated_at`) VALUES (43, 43, '2013-05-23 17:23:09', '2009-08-07 18:11:45');
INSERT INTO `communities_users` (`community_id`, `user_id`, `created_at`, `updated_at`) VALUES (44, 44, '1999-11-09 22:40:30', '1974-02-07 10:50:47');
INSERT INTO `communities_users` (`community_id`, `user_id`, `created_at`, `updated_at`) VALUES (45, 45, '2010-08-05 15:51:03', '1983-11-25 21:31:38');
INSERT INTO `communities_users` (`community_id`, `user_id`, `created_at`, `updated_at`) VALUES (46, 46, '2006-03-05 00:38:55', '1995-06-25 20:02:54');
INSERT INTO `communities_users` (`community_id`, `user_id`, `created_at`, `updated_at`) VALUES (47, 47, '2015-10-09 10:22:51', '2018-01-29 08:31:35');
INSERT INTO `communities_users` (`community_id`, `user_id`, `created_at`, `updated_at`) VALUES (48, 48, '1983-02-15 11:37:14', '1999-11-03 04:01:14');
INSERT INTO `communities_users` (`community_id`, `user_id`, `created_at`, `updated_at`) VALUES (49, 49, '1978-09-27 09:54:37', '1989-12-19 11:05:04');
INSERT INTO `communities_users` (`community_id`, `user_id`, `created_at`, `updated_at`) VALUES (50, 50, '1995-07-19 16:18:15', '1983-03-01 22:17:12');
INSERT INTO `communities_users` (`community_id`, `user_id`, `created_at`, `updated_at`) VALUES (51, 51, '1975-08-29 06:00:47', '1978-09-11 07:47:51');
INSERT INTO `communities_users` (`community_id`, `user_id`, `created_at`, `updated_at`) VALUES (52, 52, '1992-10-07 18:47:38', '2014-05-07 14:56:56');
INSERT INTO `communities_users` (`community_id`, `user_id`, `created_at`, `updated_at`) VALUES (53, 53, '1987-03-23 04:54:53', '1992-06-04 22:47:09');
INSERT INTO `communities_users` (`community_id`, `user_id`, `created_at`, `updated_at`) VALUES (54, 54, '1989-01-31 22:03:55', '2018-04-14 22:25:32');
INSERT INTO `communities_users` (`community_id`, `user_id`, `created_at`, `updated_at`) VALUES (55, 55, '1982-09-15 01:21:46', '1987-11-28 00:15:21');
INSERT INTO `communities_users` (`community_id`, `user_id`, `created_at`, `updated_at`) VALUES (56, 56, '1976-06-25 00:52:41', '1977-08-01 21:20:39');
INSERT INTO `communities_users` (`community_id`, `user_id`, `created_at`, `updated_at`) VALUES (57, 57, '1982-03-14 03:07:47', '1988-10-15 17:12:03');
INSERT INTO `communities_users` (`community_id`, `user_id`, `created_at`, `updated_at`) VALUES (58, 58, '1998-05-21 19:01:47', '2014-07-01 21:03:10');
INSERT INTO `communities_users` (`community_id`, `user_id`, `created_at`, `updated_at`) VALUES (59, 59, '1991-01-14 09:10:32', '1980-06-07 18:28:58');
INSERT INTO `communities_users` (`community_id`, `user_id`, `created_at`, `updated_at`) VALUES (60, 60, '2007-08-26 06:37:06', '1979-05-29 20:43:31');
INSERT INTO `communities_users` (`community_id`, `user_id`, `created_at`, `updated_at`) VALUES (61, 61, '1990-12-04 09:08:42', '2007-03-02 00:25:23');
INSERT INTO `communities_users` (`community_id`, `user_id`, `created_at`, `updated_at`) VALUES (62, 62, '2016-04-26 00:44:22', '1980-01-28 06:58:02');
INSERT INTO `communities_users` (`community_id`, `user_id`, `created_at`, `updated_at`) VALUES (63, 63, '1972-09-02 09:06:16', '2001-02-05 02:52:25');
INSERT INTO `communities_users` (`community_id`, `user_id`, `created_at`, `updated_at`) VALUES (64, 64, '2018-07-28 02:55:34', '1985-05-18 18:38:33');
INSERT INTO `communities_users` (`community_id`, `user_id`, `created_at`, `updated_at`) VALUES (65, 65, '1993-01-01 14:45:13', '2016-09-27 19:56:09');
INSERT INTO `communities_users` (`community_id`, `user_id`, `created_at`, `updated_at`) VALUES (66, 66, '1983-09-12 19:55:20', '2012-09-26 02:33:02');
INSERT INTO `communities_users` (`community_id`, `user_id`, `created_at`, `updated_at`) VALUES (67, 67, '1987-09-17 17:05:51', '2015-11-18 14:36:34');
INSERT INTO `communities_users` (`community_id`, `user_id`, `created_at`, `updated_at`) VALUES (68, 68, '1987-07-20 20:00:38', '1982-10-21 08:20:54');
INSERT INTO `communities_users` (`community_id`, `user_id`, `created_at`, `updated_at`) VALUES (69, 69, '1980-06-24 22:48:01', '1988-05-22 01:01:34');
INSERT INTO `communities_users` (`community_id`, `user_id`, `created_at`, `updated_at`) VALUES (70, 70, '1976-03-23 12:42:39', '1991-06-06 18:41:38');
INSERT INTO `communities_users` (`community_id`, `user_id`, `created_at`, `updated_at`) VALUES (71, 71, '1987-06-21 04:43:38', '1975-03-09 21:22:53');
INSERT INTO `communities_users` (`community_id`, `user_id`, `created_at`, `updated_at`) VALUES (72, 72, '2015-06-13 17:41:58', '2001-03-25 02:16:31');
INSERT INTO `communities_users` (`community_id`, `user_id`, `created_at`, `updated_at`) VALUES (73, 73, '1975-02-19 13:26:59', '1997-05-29 19:51:11');
INSERT INTO `communities_users` (`community_id`, `user_id`, `created_at`, `updated_at`) VALUES (74, 74, '2002-06-12 22:00:22', '2002-01-21 09:57:21');
INSERT INTO `communities_users` (`community_id`, `user_id`, `created_at`, `updated_at`) VALUES (75, 75, '2020-05-15 01:44:43', '2020-06-21 19:01:35');
INSERT INTO `communities_users` (`community_id`, `user_id`, `created_at`, `updated_at`) VALUES (76, 76, '1977-07-17 13:44:35', '2004-12-04 11:10:46');
INSERT INTO `communities_users` (`community_id`, `user_id`, `created_at`, `updated_at`) VALUES (77, 77, '2018-11-23 17:38:47', '1974-07-06 20:55:33');
INSERT INTO `communities_users` (`community_id`, `user_id`, `created_at`, `updated_at`) VALUES (78, 78, '2010-06-11 05:43:23', '1994-11-16 10:42:38');
INSERT INTO `communities_users` (`community_id`, `user_id`, `created_at`, `updated_at`) VALUES (79, 79, '1998-06-18 02:26:23', '2007-07-05 16:28:38');
INSERT INTO `communities_users` (`community_id`, `user_id`, `created_at`, `updated_at`) VALUES (80, 80, '1999-10-04 01:13:54', '1985-11-09 13:25:04');
INSERT INTO `communities_users` (`community_id`, `user_id`, `created_at`, `updated_at`) VALUES (81, 81, '1996-09-26 07:20:13', '1984-07-07 18:16:27');
INSERT INTO `communities_users` (`community_id`, `user_id`, `created_at`, `updated_at`) VALUES (82, 82, '2011-05-16 12:37:48', '1992-08-08 01:04:47');
INSERT INTO `communities_users` (`community_id`, `user_id`, `created_at`, `updated_at`) VALUES (83, 83, '2004-08-15 15:25:40', '1990-10-20 16:39:14');
INSERT INTO `communities_users` (`community_id`, `user_id`, `created_at`, `updated_at`) VALUES (84, 84, '2004-07-26 20:10:09', '2002-01-03 12:56:53');
INSERT INTO `communities_users` (`community_id`, `user_id`, `created_at`, `updated_at`) VALUES (85, 85, '1997-02-13 02:45:00', '1972-03-03 21:00:12');
INSERT INTO `communities_users` (`community_id`, `user_id`, `created_at`, `updated_at`) VALUES (86, 86, '1989-11-06 01:24:40', '1981-12-21 12:51:19');
INSERT INTO `communities_users` (`community_id`, `user_id`, `created_at`, `updated_at`) VALUES (87, 87, '2005-12-14 17:47:05', '1995-11-29 17:27:43');
INSERT INTO `communities_users` (`community_id`, `user_id`, `created_at`, `updated_at`) VALUES (88, 88, '2021-08-27 17:12:24', '1989-02-26 15:23:39');
INSERT INTO `communities_users` (`community_id`, `user_id`, `created_at`, `updated_at`) VALUES (89, 89, '2006-07-29 22:50:41', '1986-07-25 21:34:36');
INSERT INTO `communities_users` (`community_id`, `user_id`, `created_at`, `updated_at`) VALUES (90, 90, '1988-01-11 05:38:31', '1982-01-24 13:02:39');
INSERT INTO `communities_users` (`community_id`, `user_id`, `created_at`, `updated_at`) VALUES (91, 91, '1988-08-16 04:42:35', '2009-04-08 13:09:33');
INSERT INTO `communities_users` (`community_id`, `user_id`, `created_at`, `updated_at`) VALUES (92, 92, '1996-06-17 11:37:28', '1996-08-02 22:36:26');
INSERT INTO `communities_users` (`community_id`, `user_id`, `created_at`, `updated_at`) VALUES (93, 93, '2007-03-08 00:19:50', '2010-06-04 15:01:27');
INSERT INTO `communities_users` (`community_id`, `user_id`, `created_at`, `updated_at`) VALUES (94, 94, '2003-07-31 06:17:55', '2020-09-11 02:54:46');
INSERT INTO `communities_users` (`community_id`, `user_id`, `created_at`, `updated_at`) VALUES (95, 95, '2015-01-18 01:43:32', '2002-07-05 06:42:31');
INSERT INTO `communities_users` (`community_id`, `user_id`, `created_at`, `updated_at`) VALUES (96, 96, '1973-05-30 09:06:51', '2008-10-10 23:25:17');
INSERT INTO `communities_users` (`community_id`, `user_id`, `created_at`, `updated_at`) VALUES (97, 97, '1987-12-25 10:56:35', '1998-03-29 03:10:00');
INSERT INTO `communities_users` (`community_id`, `user_id`, `created_at`, `updated_at`) VALUES (98, 98, '2020-10-24 10:21:54', '2010-12-16 23:42:25');
INSERT INTO `communities_users` (`community_id`, `user_id`, `created_at`, `updated_at`) VALUES (99, 99, '2014-06-21 02:19:09', '2013-02-01 19:56:09');
INSERT INTO `communities_users` (`community_id`, `user_id`, `created_at`, `updated_at`) VALUES (100, 100, '2009-03-05 14:47:35', '1988-08-19 18:34:02');


#
# TABLE STRUCTURE FOR: friendship
#

DROP TABLE IF EXISTS `friendship`;

CREATE TABLE `friendship` (
  `user_id` int(10) unsigned NOT NULL COMMENT 'Ссылка на инициатора дружеских отношений',
  `friend_id` int(10) unsigned NOT NULL COMMENT 'Ссылка на получателя запроса о дружбе',
  `request_type_id` int(10) unsigned NOT NULL COMMENT 'Тип запроса',
  `requested_at` datetime DEFAULT NULL COMMENT 'Время отправки приглашения',
  `confirmed_at` datetime DEFAULT NULL COMMENT 'Время подтверждения приглашения',
  `created_at` datetime DEFAULT current_timestamp() COMMENT 'Дата и время создания строки',
  `updated_at` datetime DEFAULT current_timestamp() COMMENT 'Дата и время обновленния строки',
  PRIMARY KEY (`user_id`,`friend_id`) COMMENT 'Составной первичный ключ',
  KEY `friendship_request_type_id` (`request_type_id`),
  CONSTRAINT `friendship_request_type_id` FOREIGN KEY (`request_type_id`) REFERENCES `friendship_request_types` (`id`)
) ENGINE=InnoDB DEFAULT CHARSET=utf8mb4 COLLATE=utf8mb4_unicode_ci;

INSERT INTO `friendship` (`user_id`, `friend_id`, `request_type_id`, `requested_at`, `confirmed_at`, `created_at`, `updated_at`) VALUES (1, 1, 1, '1989-07-10 12:03:47', '2015-08-09 16:41:32', '1980-11-28 22:48:22', '2003-03-24 10:22:16');
INSERT INTO `friendship` (`user_id`, `friend_id`, `request_type_id`, `requested_at`, `confirmed_at`, `created_at`, `updated_at`) VALUES (2, 2, 2, '1970-09-25 22:44:48', '2015-01-19 12:16:51', '1999-06-16 14:50:41', '2011-07-16 12:54:55');
INSERT INTO `friendship` (`user_id`, `friend_id`, `request_type_id`, `requested_at`, `confirmed_at`, `created_at`, `updated_at`) VALUES (3, 3, 3, '1996-02-23 13:22:50', '1980-02-19 23:08:08', '1982-02-14 21:05:06', '2008-11-26 16:05:37');
INSERT INTO `friendship` (`user_id`, `friend_id`, `request_type_id`, `requested_at`, `confirmed_at`, `created_at`, `updated_at`) VALUES (4, 4, 4, '1981-09-14 18:09:55', '2010-10-27 15:09:43', '2001-07-20 00:23:00', '1979-01-18 19:13:26');
INSERT INTO `friendship` (`user_id`, `friend_id`, `request_type_id`, `requested_at`, `confirmed_at`, `created_at`, `updated_at`) VALUES (5, 5, 5, '1973-09-21 19:02:56', '1984-05-15 12:12:20', '1983-11-27 07:25:42', '2014-04-11 05:04:52');
INSERT INTO `friendship` (`user_id`, `friend_id`, `request_type_id`, `requested_at`, `confirmed_at`, `created_at`, `updated_at`) VALUES (6, 6, 6, '1992-02-08 04:57:16', '2007-08-04 13:31:53', '2018-08-05 17:11:42', '1973-02-22 21:30:33');
INSERT INTO `friendship` (`user_id`, `friend_id`, `request_type_id`, `requested_at`, `confirmed_at`, `created_at`, `updated_at`) VALUES (7, 7, 7, '1990-07-12 06:20:51', '2005-01-16 03:26:44', '2013-01-20 05:33:27', '2010-03-15 10:12:42');
INSERT INTO `friendship` (`user_id`, `friend_id`, `request_type_id`, `requested_at`, `confirmed_at`, `created_at`, `updated_at`) VALUES (8, 8, 8, '2009-06-10 07:27:03', '1983-05-19 20:09:26', '1992-10-11 02:30:04', '1974-07-02 10:55:39');
INSERT INTO `friendship` (`user_id`, `friend_id`, `request_type_id`, `requested_at`, `confirmed_at`, `created_at`, `updated_at`) VALUES (9, 9, 9, '1999-10-17 09:23:41', '1989-06-24 14:58:42', '2003-03-16 04:06:24', '2014-03-11 03:08:04');
INSERT INTO `friendship` (`user_id`, `friend_id`, `request_type_id`, `requested_at`, `confirmed_at`, `created_at`, `updated_at`) VALUES (10, 10, 10, '1993-09-12 22:07:15', '1992-01-12 08:26:09', '1988-08-31 08:33:40', '2021-01-12 11:06:52');
INSERT INTO `friendship` (`user_id`, `friend_id`, `request_type_id`, `requested_at`, `confirmed_at`, `created_at`, `updated_at`) VALUES (11, 11, 11, '2015-10-18 13:20:24', '1996-07-10 07:13:13', '1990-07-24 05:55:51', '2007-03-24 01:27:54');
INSERT INTO `friendship` (`user_id`, `friend_id`, `request_type_id`, `requested_at`, `confirmed_at`, `created_at`, `updated_at`) VALUES (12, 12, 12, '1984-01-24 20:14:10', '1998-01-28 18:34:54', '1993-05-06 11:21:24', '2016-12-19 04:44:04');
INSERT INTO `friendship` (`user_id`, `friend_id`, `request_type_id`, `requested_at`, `confirmed_at`, `created_at`, `updated_at`) VALUES (13, 13, 13, '2003-10-31 22:52:10', '2020-03-05 07:05:02', '2003-12-27 09:44:39', '1989-08-23 22:27:23');
INSERT INTO `friendship` (`user_id`, `friend_id`, `request_type_id`, `requested_at`, `confirmed_at`, `created_at`, `updated_at`) VALUES (14, 14, 14, '2015-08-24 19:37:50', '1981-07-20 21:02:29', '2004-09-11 23:09:02', '2011-12-14 15:33:59');
INSERT INTO `friendship` (`user_id`, `friend_id`, `request_type_id`, `requested_at`, `confirmed_at`, `created_at`, `updated_at`) VALUES (15, 15, 15, '1977-02-03 15:44:17', '1970-02-04 07:50:08', '2019-05-21 08:46:43', '1983-03-19 04:26:56');
INSERT INTO `friendship` (`user_id`, `friend_id`, `request_type_id`, `requested_at`, `confirmed_at`, `created_at`, `updated_at`) VALUES (16, 16, 16, '2007-08-18 02:26:56', '1997-03-05 14:56:51', '1986-11-29 07:48:59', '1971-11-13 23:51:10');
INSERT INTO `friendship` (`user_id`, `friend_id`, `request_type_id`, `requested_at`, `confirmed_at`, `created_at`, `updated_at`) VALUES (17, 17, 17, '1991-05-16 12:30:31', '2002-01-06 16:20:32', '2001-11-10 04:45:55', '2014-03-25 01:31:10');
INSERT INTO `friendship` (`user_id`, `friend_id`, `request_type_id`, `requested_at`, `confirmed_at`, `created_at`, `updated_at`) VALUES (18, 18, 18, '2000-05-14 22:35:12', '2004-02-28 16:00:18', '2003-05-09 15:21:30', '2014-08-03 11:52:23');
INSERT INTO `friendship` (`user_id`, `friend_id`, `request_type_id`, `requested_at`, `confirmed_at`, `created_at`, `updated_at`) VALUES (19, 19, 19, '1971-11-06 10:29:41', '1971-01-08 15:37:45', '2002-03-14 11:31:22', '2014-07-22 14:56:16');
INSERT INTO `friendship` (`user_id`, `friend_id`, `request_type_id`, `requested_at`, `confirmed_at`, `created_at`, `updated_at`) VALUES (20, 20, 20, '2016-01-12 17:40:17', '2005-12-23 02:45:45', '1998-01-13 09:53:45', '1978-10-15 19:02:24');
INSERT INTO `friendship` (`user_id`, `friend_id`, `request_type_id`, `requested_at`, `confirmed_at`, `created_at`, `updated_at`) VALUES (21, 21, 21, '1997-02-19 03:03:53', '2008-07-04 22:35:07', '1971-10-07 10:13:21', '1980-06-09 08:26:56');
INSERT INTO `friendship` (`user_id`, `friend_id`, `request_type_id`, `requested_at`, `confirmed_at`, `created_at`, `updated_at`) VALUES (22, 22, 22, '2003-11-05 14:00:19', '2017-03-07 19:22:22', '1970-04-26 01:55:05', '1983-06-11 14:09:50');
INSERT INTO `friendship` (`user_id`, `friend_id`, `request_type_id`, `requested_at`, `confirmed_at`, `created_at`, `updated_at`) VALUES (23, 23, 23, '1974-08-09 06:51:35', '1992-03-01 04:38:27', '2013-09-27 05:52:18', '2008-08-13 17:35:04');
INSERT INTO `friendship` (`user_id`, `friend_id`, `request_type_id`, `requested_at`, `confirmed_at`, `created_at`, `updated_at`) VALUES (24, 24, 24, '1982-10-03 20:16:41', '1983-11-28 17:44:15', '1973-04-11 11:03:01', '1995-10-29 23:33:09');
INSERT INTO `friendship` (`user_id`, `friend_id`, `request_type_id`, `requested_at`, `confirmed_at`, `created_at`, `updated_at`) VALUES (25, 25, 25, '2008-05-17 09:29:38', '1997-02-24 08:50:53', '2013-09-22 12:36:30', '1984-05-01 08:04:19');
INSERT INTO `friendship` (`user_id`, `friend_id`, `request_type_id`, `requested_at`, `confirmed_at`, `created_at`, `updated_at`) VALUES (26, 26, 26, '1984-02-29 07:37:18', '2003-11-26 02:36:19', '1988-02-29 08:29:34', '1999-01-15 09:27:50');
INSERT INTO `friendship` (`user_id`, `friend_id`, `request_type_id`, `requested_at`, `confirmed_at`, `created_at`, `updated_at`) VALUES (27, 27, 27, '1973-11-04 01:15:14', '1978-02-14 07:12:18', '1975-08-01 19:05:24', '2000-12-30 23:15:16');
INSERT INTO `friendship` (`user_id`, `friend_id`, `request_type_id`, `requested_at`, `confirmed_at`, `created_at`, `updated_at`) VALUES (28, 28, 28, '1972-03-12 20:18:24', '1999-09-04 09:17:40', '2008-05-30 02:31:54', '1982-05-30 10:15:18');
INSERT INTO `friendship` (`user_id`, `friend_id`, `request_type_id`, `requested_at`, `confirmed_at`, `created_at`, `updated_at`) VALUES (29, 29, 29, '1986-01-24 11:32:52', '1999-12-31 11:10:30', '2019-02-17 12:38:39', '2014-02-11 11:26:11');
INSERT INTO `friendship` (`user_id`, `friend_id`, `request_type_id`, `requested_at`, `confirmed_at`, `created_at`, `updated_at`) VALUES (30, 30, 30, '2012-02-07 21:56:16', '1991-11-04 01:22:57', '2008-08-08 06:37:05', '2002-07-07 06:22:02');
INSERT INTO `friendship` (`user_id`, `friend_id`, `request_type_id`, `requested_at`, `confirmed_at`, `created_at`, `updated_at`) VALUES (31, 31, 31, '2017-09-14 15:50:08', '1997-03-17 23:39:12', '2016-07-29 20:17:58', '1980-02-17 00:43:35');
INSERT INTO `friendship` (`user_id`, `friend_id`, `request_type_id`, `requested_at`, `confirmed_at`, `created_at`, `updated_at`) VALUES (32, 32, 32, '1992-08-03 06:02:04', '2010-04-03 13:11:14', '1979-02-27 13:39:44', '2013-07-15 04:10:08');
INSERT INTO `friendship` (`user_id`, `friend_id`, `request_type_id`, `requested_at`, `confirmed_at`, `created_at`, `updated_at`) VALUES (33, 33, 33, '2003-02-18 08:03:12', '2009-05-20 15:08:33', '2014-02-09 16:41:58', '1980-08-19 01:30:51');
INSERT INTO `friendship` (`user_id`, `friend_id`, `request_type_id`, `requested_at`, `confirmed_at`, `created_at`, `updated_at`) VALUES (34, 34, 34, '1997-01-12 02:18:56', '1973-05-13 14:50:28', '2011-12-14 15:39:18', '2020-02-27 12:08:19');
INSERT INTO `friendship` (`user_id`, `friend_id`, `request_type_id`, `requested_at`, `confirmed_at`, `created_at`, `updated_at`) VALUES (35, 35, 35, '1989-01-15 19:12:34', '1985-04-14 12:02:14', '2017-07-03 17:20:21', '1991-02-24 11:30:47');
INSERT INTO `friendship` (`user_id`, `friend_id`, `request_type_id`, `requested_at`, `confirmed_at`, `created_at`, `updated_at`) VALUES (36, 36, 36, '1980-08-21 06:55:01', '1999-07-12 00:39:30', '2014-06-24 22:40:11', '1977-07-03 03:37:11');
INSERT INTO `friendship` (`user_id`, `friend_id`, `request_type_id`, `requested_at`, `confirmed_at`, `created_at`, `updated_at`) VALUES (37, 37, 37, '1977-08-16 17:05:07', '2006-10-26 05:48:46', '1970-09-25 16:20:53', '1988-08-15 23:49:08');
INSERT INTO `friendship` (`user_id`, `friend_id`, `request_type_id`, `requested_at`, `confirmed_at`, `created_at`, `updated_at`) VALUES (38, 38, 38, '1972-05-29 15:52:52', '2016-12-10 17:34:42', '1971-04-10 09:43:20', '1987-11-30 13:30:30');
INSERT INTO `friendship` (`user_id`, `friend_id`, `request_type_id`, `requested_at`, `confirmed_at`, `created_at`, `updated_at`) VALUES (39, 39, 39, '1977-01-26 10:18:16', '1995-06-23 17:29:58', '2001-03-11 10:02:19', '1991-03-12 03:09:32');
INSERT INTO `friendship` (`user_id`, `friend_id`, `request_type_id`, `requested_at`, `confirmed_at`, `created_at`, `updated_at`) VALUES (40, 40, 40, '1996-06-11 22:30:40', '1987-06-02 23:50:45', '1981-12-03 19:52:28', '1987-10-22 22:06:57');
INSERT INTO `friendship` (`user_id`, `friend_id`, `request_type_id`, `requested_at`, `confirmed_at`, `created_at`, `updated_at`) VALUES (41, 41, 41, '1976-11-29 22:04:52', '2003-05-19 21:04:34', '1975-02-12 15:07:58', '1984-08-13 01:41:23');
INSERT INTO `friendship` (`user_id`, `friend_id`, `request_type_id`, `requested_at`, `confirmed_at`, `created_at`, `updated_at`) VALUES (42, 42, 42, '2006-11-20 11:44:33', '1987-11-18 16:15:28', '1974-07-18 15:58:15', '2001-08-19 08:49:44');
INSERT INTO `friendship` (`user_id`, `friend_id`, `request_type_id`, `requested_at`, `confirmed_at`, `created_at`, `updated_at`) VALUES (43, 43, 43, '1990-07-22 02:16:42', '2019-02-19 18:32:01', '2007-08-03 11:53:42', '1987-06-21 03:57:21');
INSERT INTO `friendship` (`user_id`, `friend_id`, `request_type_id`, `requested_at`, `confirmed_at`, `created_at`, `updated_at`) VALUES (44, 44, 44, '1985-10-15 10:49:51', '1982-04-30 12:46:38', '1998-01-22 09:41:26', '1977-02-12 21:33:31');
INSERT INTO `friendship` (`user_id`, `friend_id`, `request_type_id`, `requested_at`, `confirmed_at`, `created_at`, `updated_at`) VALUES (45, 45, 45, '2001-09-21 10:19:24', '2021-04-20 19:03:06', '1982-05-08 00:52:13', '1982-08-31 07:53:25');
INSERT INTO `friendship` (`user_id`, `friend_id`, `request_type_id`, `requested_at`, `confirmed_at`, `created_at`, `updated_at`) VALUES (46, 46, 46, '1997-05-25 05:17:32', '2002-11-14 15:33:41', '1994-05-19 13:16:21', '2011-01-14 23:56:12');
INSERT INTO `friendship` (`user_id`, `friend_id`, `request_type_id`, `requested_at`, `confirmed_at`, `created_at`, `updated_at`) VALUES (47, 47, 47, '2008-03-08 23:49:51', '1977-07-14 06:44:56', '1975-09-22 23:16:23', '1972-09-02 02:48:28');
INSERT INTO `friendship` (`user_id`, `friend_id`, `request_type_id`, `requested_at`, `confirmed_at`, `created_at`, `updated_at`) VALUES (48, 48, 48, '1974-01-28 13:46:31', '1980-08-22 11:59:00', '2012-12-24 09:09:24', '2009-02-04 17:55:42');
INSERT INTO `friendship` (`user_id`, `friend_id`, `request_type_id`, `requested_at`, `confirmed_at`, `created_at`, `updated_at`) VALUES (49, 49, 49, '2016-03-07 11:42:26', '1995-11-27 21:02:32', '2007-06-03 12:02:53', '1976-07-03 19:02:26');
INSERT INTO `friendship` (`user_id`, `friend_id`, `request_type_id`, `requested_at`, `confirmed_at`, `created_at`, `updated_at`) VALUES (50, 50, 50, '2010-03-28 22:38:25', '1986-01-25 14:02:14', '2006-12-24 20:11:07', '1971-10-29 10:58:07');
INSERT INTO `friendship` (`user_id`, `friend_id`, `request_type_id`, `requested_at`, `confirmed_at`, `created_at`, `updated_at`) VALUES (51, 51, 51, '2019-09-27 10:23:12', '2014-11-14 21:53:44', '1979-10-05 07:15:32', '2011-04-25 12:54:56');
INSERT INTO `friendship` (`user_id`, `friend_id`, `request_type_id`, `requested_at`, `confirmed_at`, `created_at`, `updated_at`) VALUES (52, 52, 52, '2015-10-15 05:16:56', '2004-12-09 23:40:13', '2019-11-23 11:42:52', '1985-11-11 06:50:28');
INSERT INTO `friendship` (`user_id`, `friend_id`, `request_type_id`, `requested_at`, `confirmed_at`, `created_at`, `updated_at`) VALUES (53, 53, 53, '1987-04-27 18:04:10', '2015-11-25 06:47:36', '1988-11-04 22:31:39', '2018-09-06 12:53:32');
INSERT INTO `friendship` (`user_id`, `friend_id`, `request_type_id`, `requested_at`, `confirmed_at`, `created_at`, `updated_at`) VALUES (54, 54, 54, '1997-11-11 13:52:44', '1992-01-28 05:52:01', '1980-09-15 18:54:43', '1997-06-30 17:19:07');
INSERT INTO `friendship` (`user_id`, `friend_id`, `request_type_id`, `requested_at`, `confirmed_at`, `created_at`, `updated_at`) VALUES (55, 55, 55, '2008-05-02 06:34:56', '1995-08-11 16:04:47', '2004-02-15 04:18:42', '1997-07-20 16:21:16');
INSERT INTO `friendship` (`user_id`, `friend_id`, `request_type_id`, `requested_at`, `confirmed_at`, `created_at`, `updated_at`) VALUES (56, 56, 56, '1994-07-16 23:21:52', '2013-09-12 10:03:55', '1972-03-29 00:45:05', '1978-04-22 11:35:29');
INSERT INTO `friendship` (`user_id`, `friend_id`, `request_type_id`, `requested_at`, `confirmed_at`, `created_at`, `updated_at`) VALUES (57, 57, 57, '2005-07-23 22:06:32', '1993-01-09 19:38:17', '1989-01-31 01:56:52', '1979-05-25 20:10:21');
INSERT INTO `friendship` (`user_id`, `friend_id`, `request_type_id`, `requested_at`, `confirmed_at`, `created_at`, `updated_at`) VALUES (58, 58, 58, '2009-02-25 01:33:23', '1978-12-23 23:45:16', '2021-03-06 10:04:03', '1978-12-02 17:09:12');
INSERT INTO `friendship` (`user_id`, `friend_id`, `request_type_id`, `requested_at`, `confirmed_at`, `created_at`, `updated_at`) VALUES (59, 59, 59, '2007-04-01 12:14:29', '1996-07-14 23:50:05', '2013-10-30 00:36:44', '1995-12-15 04:39:17');
INSERT INTO `friendship` (`user_id`, `friend_id`, `request_type_id`, `requested_at`, `confirmed_at`, `created_at`, `updated_at`) VALUES (60, 60, 60, '2015-06-17 13:08:22', '1980-01-28 09:38:01', '1974-04-14 20:23:01', '2015-08-21 11:44:08');
INSERT INTO `friendship` (`user_id`, `friend_id`, `request_type_id`, `requested_at`, `confirmed_at`, `created_at`, `updated_at`) VALUES (61, 61, 61, '1998-02-13 10:51:05', '1986-09-25 06:02:21', '2012-05-18 05:06:38', '1986-04-09 20:51:32');
INSERT INTO `friendship` (`user_id`, `friend_id`, `request_type_id`, `requested_at`, `confirmed_at`, `created_at`, `updated_at`) VALUES (62, 62, 62, '1972-08-01 11:26:31', '2011-06-18 22:46:28', '2010-06-29 11:46:02', '1983-04-10 23:05:45');
INSERT INTO `friendship` (`user_id`, `friend_id`, `request_type_id`, `requested_at`, `confirmed_at`, `created_at`, `updated_at`) VALUES (63, 63, 63, '2017-05-07 16:18:25', '1986-02-21 18:58:23', '2014-11-19 18:53:18', '1982-06-07 17:47:47');
INSERT INTO `friendship` (`user_id`, `friend_id`, `request_type_id`, `requested_at`, `confirmed_at`, `created_at`, `updated_at`) VALUES (64, 64, 64, '1987-12-10 00:37:15', '2013-06-12 10:00:07', '2015-03-26 08:52:29', '2016-12-07 10:37:13');
INSERT INTO `friendship` (`user_id`, `friend_id`, `request_type_id`, `requested_at`, `confirmed_at`, `created_at`, `updated_at`) VALUES (65, 65, 65, '1973-11-22 19:57:56', '1982-12-10 08:41:56', '2011-10-01 21:02:05', '1976-01-13 15:09:40');
INSERT INTO `friendship` (`user_id`, `friend_id`, `request_type_id`, `requested_at`, `confirmed_at`, `created_at`, `updated_at`) VALUES (66, 66, 66, '1976-06-07 21:54:24', '2013-08-23 15:05:21', '2012-07-31 00:03:44', '1986-01-11 22:47:05');
INSERT INTO `friendship` (`user_id`, `friend_id`, `request_type_id`, `requested_at`, `confirmed_at`, `created_at`, `updated_at`) VALUES (67, 67, 67, '1996-08-19 21:58:59', '1990-10-07 01:41:01', '1981-12-04 23:20:07', '2014-04-01 11:45:36');
INSERT INTO `friendship` (`user_id`, `friend_id`, `request_type_id`, `requested_at`, `confirmed_at`, `created_at`, `updated_at`) VALUES (68, 68, 68, '2019-02-03 13:52:30', '1982-07-15 19:40:12', '2014-11-10 03:33:57', '2016-01-12 21:28:34');
INSERT INTO `friendship` (`user_id`, `friend_id`, `request_type_id`, `requested_at`, `confirmed_at`, `created_at`, `updated_at`) VALUES (69, 69, 69, '2006-02-02 10:10:59', '2014-05-24 20:05:09', '1995-12-10 19:03:27', '2001-05-16 00:32:49');
INSERT INTO `friendship` (`user_id`, `friend_id`, `request_type_id`, `requested_at`, `confirmed_at`, `created_at`, `updated_at`) VALUES (70, 70, 70, '1981-10-16 01:59:40', '2004-10-26 14:18:21', '2016-11-16 17:48:17', '1979-08-11 22:04:55');
INSERT INTO `friendship` (`user_id`, `friend_id`, `request_type_id`, `requested_at`, `confirmed_at`, `created_at`, `updated_at`) VALUES (71, 71, 71, '1982-02-10 18:21:07', '2018-05-14 21:13:16', '1980-09-23 02:11:46', '1976-03-17 03:38:03');
INSERT INTO `friendship` (`user_id`, `friend_id`, `request_type_id`, `requested_at`, `confirmed_at`, `created_at`, `updated_at`) VALUES (72, 72, 72, '2002-11-05 07:29:43', '1977-01-09 09:45:55', '2002-08-01 13:53:14', '2015-09-15 03:56:48');
INSERT INTO `friendship` (`user_id`, `friend_id`, `request_type_id`, `requested_at`, `confirmed_at`, `created_at`, `updated_at`) VALUES (73, 73, 73, '1980-05-09 04:51:11', '1997-12-24 07:29:58', '2018-05-12 14:44:48', '1986-11-01 12:27:21');
INSERT INTO `friendship` (`user_id`, `friend_id`, `request_type_id`, `requested_at`, `confirmed_at`, `created_at`, `updated_at`) VALUES (74, 74, 74, '2003-12-07 21:33:40', '2021-09-01 23:33:03', '1985-07-13 01:31:06', '2007-01-28 02:41:50');
INSERT INTO `friendship` (`user_id`, `friend_id`, `request_type_id`, `requested_at`, `confirmed_at`, `created_at`, `updated_at`) VALUES (75, 75, 75, '1988-08-24 14:22:28', '2010-12-02 17:01:37', '1990-02-10 09:05:49', '1978-03-09 00:22:42');
INSERT INTO `friendship` (`user_id`, `friend_id`, `request_type_id`, `requested_at`, `confirmed_at`, `created_at`, `updated_at`) VALUES (76, 76, 76, '1971-10-26 20:14:38', '1972-01-01 22:16:01', '2000-05-29 05:58:33', '2003-03-09 11:38:44');
INSERT INTO `friendship` (`user_id`, `friend_id`, `request_type_id`, `requested_at`, `confirmed_at`, `created_at`, `updated_at`) VALUES (77, 77, 77, '1971-06-16 19:01:38', '2011-01-01 06:08:06', '2015-09-21 23:37:29', '1991-08-07 17:16:50');
INSERT INTO `friendship` (`user_id`, `friend_id`, `request_type_id`, `requested_at`, `confirmed_at`, `created_at`, `updated_at`) VALUES (78, 78, 78, '1986-09-02 13:14:37', '1982-05-28 17:48:41', '1990-03-30 22:05:18', '1993-08-10 05:50:34');
INSERT INTO `friendship` (`user_id`, `friend_id`, `request_type_id`, `requested_at`, `confirmed_at`, `created_at`, `updated_at`) VALUES (79, 79, 79, '1978-02-08 03:05:38', '1977-08-10 04:43:08', '2005-11-21 03:18:10', '2003-03-31 10:51:34');
INSERT INTO `friendship` (`user_id`, `friend_id`, `request_type_id`, `requested_at`, `confirmed_at`, `created_at`, `updated_at`) VALUES (80, 80, 80, '1999-10-29 09:32:07', '1994-08-19 06:47:15', '1976-05-24 10:07:53', '1985-01-09 12:01:16');
INSERT INTO `friendship` (`user_id`, `friend_id`, `request_type_id`, `requested_at`, `confirmed_at`, `created_at`, `updated_at`) VALUES (81, 81, 81, '1993-08-17 07:20:02', '2012-11-21 15:04:15', '1983-10-13 11:14:51', '1970-07-26 19:57:40');
INSERT INTO `friendship` (`user_id`, `friend_id`, `request_type_id`, `requested_at`, `confirmed_at`, `created_at`, `updated_at`) VALUES (82, 82, 82, '1982-02-24 20:44:23', '1976-11-19 03:31:35', '1991-06-28 17:56:04', '1980-06-19 22:15:19');
INSERT INTO `friendship` (`user_id`, `friend_id`, `request_type_id`, `requested_at`, `confirmed_at`, `created_at`, `updated_at`) VALUES (83, 83, 83, '1976-12-31 23:53:12', '2021-04-13 23:58:52', '1985-03-19 22:10:06', '1972-01-10 13:47:12');
INSERT INTO `friendship` (`user_id`, `friend_id`, `request_type_id`, `requested_at`, `confirmed_at`, `created_at`, `updated_at`) VALUES (84, 84, 84, '2013-10-22 11:18:19', '1977-04-06 01:55:57', '1984-09-09 08:25:52', '1988-07-30 05:45:30');
INSERT INTO `friendship` (`user_id`, `friend_id`, `request_type_id`, `requested_at`, `confirmed_at`, `created_at`, `updated_at`) VALUES (85, 85, 85, '1981-07-26 09:16:30', '1987-08-12 05:47:09', '1985-06-17 18:50:34', '2011-12-25 18:59:00');
INSERT INTO `friendship` (`user_id`, `friend_id`, `request_type_id`, `requested_at`, `confirmed_at`, `created_at`, `updated_at`) VALUES (86, 86, 86, '2001-01-03 19:06:38', '2017-02-13 01:47:25', '2000-02-14 11:04:10', '1985-08-25 08:16:19');
INSERT INTO `friendship` (`user_id`, `friend_id`, `request_type_id`, `requested_at`, `confirmed_at`, `created_at`, `updated_at`) VALUES (87, 87, 87, '1999-04-08 02:08:12', '2015-05-29 11:55:31', '2021-04-22 16:19:54', '2005-10-29 09:24:20');
INSERT INTO `friendship` (`user_id`, `friend_id`, `request_type_id`, `requested_at`, `confirmed_at`, `created_at`, `updated_at`) VALUES (88, 88, 88, '1972-07-12 18:42:45', '2002-08-14 09:05:07', '1997-07-01 02:09:04', '1987-11-29 15:40:01');
INSERT INTO `friendship` (`user_id`, `friend_id`, `request_type_id`, `requested_at`, `confirmed_at`, `created_at`, `updated_at`) VALUES (89, 89, 89, '2008-02-11 01:51:47', '1970-03-31 17:04:25', '1977-12-24 06:13:06', '1991-10-05 19:01:54');
INSERT INTO `friendship` (`user_id`, `friend_id`, `request_type_id`, `requested_at`, `confirmed_at`, `created_at`, `updated_at`) VALUES (90, 90, 90, '1998-04-12 11:36:51', '1979-07-07 15:36:59', '2000-08-19 19:23:23', '1978-03-20 17:59:34');
INSERT INTO `friendship` (`user_id`, `friend_id`, `request_type_id`, `requested_at`, `confirmed_at`, `created_at`, `updated_at`) VALUES (91, 91, 91, '1989-08-24 01:46:36', '1970-12-07 14:21:53', '1985-12-25 18:18:39', '1996-10-11 09:08:14');
INSERT INTO `friendship` (`user_id`, `friend_id`, `request_type_id`, `requested_at`, `confirmed_at`, `created_at`, `updated_at`) VALUES (92, 92, 92, '2021-07-08 19:41:52', '1984-08-01 22:14:48', '2021-04-03 02:36:33', '1971-03-16 04:21:54');
INSERT INTO `friendship` (`user_id`, `friend_id`, `request_type_id`, `requested_at`, `confirmed_at`, `created_at`, `updated_at`) VALUES (93, 93, 93, '1980-07-20 20:24:52', '1989-08-23 05:26:40', '1971-11-16 06:48:02', '1989-02-17 15:18:31');
INSERT INTO `friendship` (`user_id`, `friend_id`, `request_type_id`, `requested_at`, `confirmed_at`, `created_at`, `updated_at`) VALUES (94, 94, 94, '2011-08-18 21:10:31', '1989-05-01 08:02:28', '1991-10-04 23:22:24', '2010-06-08 05:00:39');
INSERT INTO `friendship` (`user_id`, `friend_id`, `request_type_id`, `requested_at`, `confirmed_at`, `created_at`, `updated_at`) VALUES (95, 95, 95, '2016-09-02 07:46:10', '1979-10-01 22:02:47', '2013-03-26 10:40:02', '1993-05-02 23:09:14');
INSERT INTO `friendship` (`user_id`, `friend_id`, `request_type_id`, `requested_at`, `confirmed_at`, `created_at`, `updated_at`) VALUES (96, 96, 96, '1974-10-08 04:46:35', '1970-12-13 02:23:48', '1995-12-24 17:11:53', '1980-10-05 21:42:25');
INSERT INTO `friendship` (`user_id`, `friend_id`, `request_type_id`, `requested_at`, `confirmed_at`, `created_at`, `updated_at`) VALUES (97, 97, 97, '2018-02-19 17:07:09', '2006-01-20 14:45:50', '1977-07-25 03:42:27', '1977-09-24 00:44:37');
INSERT INTO `friendship` (`user_id`, `friend_id`, `request_type_id`, `requested_at`, `confirmed_at`, `created_at`, `updated_at`) VALUES (98, 98, 98, '1981-02-24 22:09:45', '1976-07-10 04:04:41', '1981-02-12 23:14:59', '2011-08-31 03:15:31');
INSERT INTO `friendship` (`user_id`, `friend_id`, `request_type_id`, `requested_at`, `confirmed_at`, `created_at`, `updated_at`) VALUES (99, 99, 99, '1972-02-27 18:25:39', '1999-03-17 01:50:55', '1986-04-23 12:30:56', '1978-09-18 14:59:34');
INSERT INTO `friendship` (`user_id`, `friend_id`, `request_type_id`, `requested_at`, `confirmed_at`, `created_at`, `updated_at`) VALUES (100, 100, 100, '1983-12-20 07:33:58', '1981-04-01 02:29:42', '1993-01-17 11:21:19', '2020-05-08 13:30:04');


#
# TABLE STRUCTURE FOR: friendship_request_types
#

DROP TABLE IF EXISTS `friendship_request_types`;

CREATE TABLE `friendship_request_types` (
  `id` int(10) unsigned NOT NULL AUTO_INCREMENT COMMENT 'Идентификатор строки',
  `name` varchar(150) COLLATE utf8mb4_unicode_ci NOT NULL COMMENT 'Название статуса',
  `created_at` datetime DEFAULT current_timestamp() COMMENT 'Время создания строки',
  `updated_at` datetime DEFAULT current_timestamp() ON UPDATE current_timestamp() COMMENT 'Время обновления строки',
  PRIMARY KEY (`id`),
  UNIQUE KEY `name` (`name`)
) ENGINE=InnoDB AUTO_INCREMENT=101 DEFAULT CHARSET=utf8mb4 COLLATE=utf8mb4_unicode_ci;

INSERT INTO `friendship_request_types` (`id`, `name`, `created_at`, `updated_at`) VALUES (1, 'dolorum', '1989-12-08 06:43:51', '1987-11-29 08:48:37');
INSERT INTO `friendship_request_types` (`id`, `name`, `created_at`, `updated_at`) VALUES (2, 'eius', '1991-01-03 07:42:42', '2008-02-28 10:46:40');
INSERT INTO `friendship_request_types` (`id`, `name`, `created_at`, `updated_at`) VALUES (3, 'labore', '2012-11-18 17:51:14', '1980-10-03 02:40:22');
INSERT INTO `friendship_request_types` (`id`, `name`, `created_at`, `updated_at`) VALUES (4, 'in', '2010-01-01 12:22:08', '2021-05-30 02:15:10');
INSERT INTO `friendship_request_types` (`id`, `name`, `created_at`, `updated_at`) VALUES (5, 'laudantium', '2007-09-10 01:35:25', '2002-04-30 12:27:11');
INSERT INTO `friendship_request_types` (`id`, `name`, `created_at`, `updated_at`) VALUES (6, 'non', '1981-02-01 21:57:47', '2009-05-01 23:49:59');
INSERT INTO `friendship_request_types` (`id`, `name`, `created_at`, `updated_at`) VALUES (7, 'atque', '2015-06-03 18:14:59', '1986-04-03 11:14:25');
INSERT INTO `friendship_request_types` (`id`, `name`, `created_at`, `updated_at`) VALUES (8, 'nihil', '1970-01-19 08:07:27', '1989-09-04 03:40:47');
INSERT INTO `friendship_request_types` (`id`, `name`, `created_at`, `updated_at`) VALUES (9, 'neque', '1982-06-05 11:28:22', '2010-04-16 05:20:18');
INSERT INTO `friendship_request_types` (`id`, `name`, `created_at`, `updated_at`) VALUES (10, 'earum', '2000-05-23 16:24:47', '1975-05-31 05:27:17');
INSERT INTO `friendship_request_types` (`id`, `name`, `created_at`, `updated_at`) VALUES (11, 'quo', '2001-09-20 21:54:39', '1981-10-14 03:34:03');
INSERT INTO `friendship_request_types` (`id`, `name`, `created_at`, `updated_at`) VALUES (12, 'impedit', '1974-10-19 19:28:07', '1972-05-13 15:08:05');
INSERT INTO `friendship_request_types` (`id`, `name`, `created_at`, `updated_at`) VALUES (13, 'aperiam', '2019-04-01 14:30:50', '1979-02-18 10:54:04');
INSERT INTO `friendship_request_types` (`id`, `name`, `created_at`, `updated_at`) VALUES (14, 'voluptatum', '1984-07-14 14:58:41', '1972-02-05 03:44:03');
INSERT INTO `friendship_request_types` (`id`, `name`, `created_at`, `updated_at`) VALUES (15, 'et', '1994-11-05 08:23:04', '1995-04-22 07:43:32');
INSERT INTO `friendship_request_types` (`id`, `name`, `created_at`, `updated_at`) VALUES (16, 'dolor', '1975-05-15 03:25:35', '2018-04-29 17:29:18');
INSERT INTO `friendship_request_types` (`id`, `name`, `created_at`, `updated_at`) VALUES (17, 'sit', '1975-12-19 01:39:11', '2000-10-11 07:03:52');
INSERT INTO `friendship_request_types` (`id`, `name`, `created_at`, `updated_at`) VALUES (18, 'sed', '2019-11-24 21:36:14', '2020-07-29 05:09:14');
INSERT INTO `friendship_request_types` (`id`, `name`, `created_at`, `updated_at`) VALUES (19, 'occaecati', '1999-09-03 05:37:17', '2019-07-29 21:17:15');
INSERT INTO `friendship_request_types` (`id`, `name`, `created_at`, `updated_at`) VALUES (20, 'quis', '1995-03-14 20:56:37', '2001-10-17 02:28:02');
INSERT INTO `friendship_request_types` (`id`, `name`, `created_at`, `updated_at`) VALUES (21, 'sequi', '2016-07-25 14:49:01', '2008-08-17 08:55:26');
INSERT INTO `friendship_request_types` (`id`, `name`, `created_at`, `updated_at`) VALUES (22, 'aspernatur', '2007-11-02 10:52:11', '1982-01-10 09:45:34');
INSERT INTO `friendship_request_types` (`id`, `name`, `created_at`, `updated_at`) VALUES (23, 'suscipit', '1983-04-06 19:48:59', '1987-10-10 14:01:56');
INSERT INTO `friendship_request_types` (`id`, `name`, `created_at`, `updated_at`) VALUES (24, 'qui', '2001-06-29 13:15:02', '1992-01-30 04:50:04');
INSERT INTO `friendship_request_types` (`id`, `name`, `created_at`, `updated_at`) VALUES (25, 'quas', '2012-07-12 23:58:47', '1999-01-23 10:58:08');
INSERT INTO `friendship_request_types` (`id`, `name`, `created_at`, `updated_at`) VALUES (26, 'at', '1971-09-30 05:48:01', '1991-03-25 21:04:23');
INSERT INTO `friendship_request_types` (`id`, `name`, `created_at`, `updated_at`) VALUES (27, 'ut', '1975-05-23 12:09:25', '2018-08-19 15:46:10');
INSERT INTO `friendship_request_types` (`id`, `name`, `created_at`, `updated_at`) VALUES (28, 'porro', '1989-05-17 22:27:49', '2006-09-17 17:56:26');
INSERT INTO `friendship_request_types` (`id`, `name`, `created_at`, `updated_at`) VALUES (29, 'harum', '1983-03-31 16:09:52', '2011-03-31 00:08:12');
INSERT INTO `friendship_request_types` (`id`, `name`, `created_at`, `updated_at`) VALUES (30, 'numquam', '2009-10-05 11:51:34', '2014-10-15 13:27:43');
INSERT INTO `friendship_request_types` (`id`, `name`, `created_at`, `updated_at`) VALUES (31, 'quia', '1976-01-04 20:04:41', '2021-04-29 11:06:38');
INSERT INTO `friendship_request_types` (`id`, `name`, `created_at`, `updated_at`) VALUES (32, 'odio', '1976-12-10 04:46:52', '2019-06-25 05:05:24');
INSERT INTO `friendship_request_types` (`id`, `name`, `created_at`, `updated_at`) VALUES (33, 'mollitia', '1982-11-13 03:52:15', '1978-05-18 12:21:04');
INSERT INTO `friendship_request_types` (`id`, `name`, `created_at`, `updated_at`) VALUES (34, 'dolores', '2016-10-08 13:03:43', '2013-01-29 13:36:24');
INSERT INTO `friendship_request_types` (`id`, `name`, `created_at`, `updated_at`) VALUES (35, 'architecto', '1974-02-23 10:19:50', '1994-04-11 10:27:22');
INSERT INTO `friendship_request_types` (`id`, `name`, `created_at`, `updated_at`) VALUES (36, 'voluptatem', '2015-01-07 07:59:04', '2017-02-20 03:23:26');
INSERT INTO `friendship_request_types` (`id`, `name`, `created_at`, `updated_at`) VALUES (37, 'nostrum', '1997-10-26 04:24:00', '1989-02-14 14:24:44');
INSERT INTO `friendship_request_types` (`id`, `name`, `created_at`, `updated_at`) VALUES (38, 'reprehenderit', '1973-05-21 07:04:08', '1998-05-27 12:37:31');
INSERT INTO `friendship_request_types` (`id`, `name`, `created_at`, `updated_at`) VALUES (39, 'dolorem', '1991-01-01 16:25:57', '1978-05-30 20:38:56');
INSERT INTO `friendship_request_types` (`id`, `name`, `created_at`, `updated_at`) VALUES (40, 'eveniet', '2020-10-10 11:46:54', '1987-12-23 19:22:47');
INSERT INTO `friendship_request_types` (`id`, `name`, `created_at`, `updated_at`) VALUES (41, 'totam', '2005-04-11 11:03:40', '1974-10-24 20:37:04');
INSERT INTO `friendship_request_types` (`id`, `name`, `created_at`, `updated_at`) VALUES (42, 'molestias', '1978-03-14 16:24:37', '2019-01-19 00:16:46');
INSERT INTO `friendship_request_types` (`id`, `name`, `created_at`, `updated_at`) VALUES (43, 'facere', '2005-08-20 13:52:45', '2001-01-14 14:08:20');
INSERT INTO `friendship_request_types` (`id`, `name`, `created_at`, `updated_at`) VALUES (44, 'excepturi', '1986-02-14 12:18:42', '1970-11-25 11:00:35');
INSERT INTO `friendship_request_types` (`id`, `name`, `created_at`, `updated_at`) VALUES (45, 'cumque', '2008-09-09 23:54:51', '2018-06-07 16:34:19');
INSERT INTO `friendship_request_types` (`id`, `name`, `created_at`, `updated_at`) VALUES (46, 'id', '2001-10-10 08:20:08', '2004-04-23 11:44:10');
INSERT INTO `friendship_request_types` (`id`, `name`, `created_at`, `updated_at`) VALUES (47, 'perferendis', '2014-10-01 19:03:58', '1979-09-04 08:18:22');
INSERT INTO `friendship_request_types` (`id`, `name`, `created_at`, `updated_at`) VALUES (48, 'voluptate', '1998-01-25 03:03:50', '1995-04-08 15:07:35');
INSERT INTO `friendship_request_types` (`id`, `name`, `created_at`, `updated_at`) VALUES (49, 'aut', '2008-05-07 06:17:21', '1995-05-24 19:48:45');
INSERT INTO `friendship_request_types` (`id`, `name`, `created_at`, `updated_at`) VALUES (50, 'repellat', '2015-03-12 17:39:35', '2005-10-27 19:43:22');
INSERT INTO `friendship_request_types` (`id`, `name`, `created_at`, `updated_at`) VALUES (51, 'tempore', '1990-07-31 10:33:01', '2003-02-28 04:16:07');
INSERT INTO `friendship_request_types` (`id`, `name`, `created_at`, `updated_at`) VALUES (52, 'accusamus', '1976-07-02 09:08:07', '1994-05-24 11:48:40');
INSERT INTO `friendship_request_types` (`id`, `name`, `created_at`, `updated_at`) VALUES (53, 'omnis', '2007-12-29 15:12:06', '1978-02-03 00:58:53');
INSERT INTO `friendship_request_types` (`id`, `name`, `created_at`, `updated_at`) VALUES (54, 'repudiandae', '2010-07-10 03:57:55', '1972-04-16 11:30:44');
INSERT INTO `friendship_request_types` (`id`, `name`, `created_at`, `updated_at`) VALUES (55, 'a', '2013-10-14 10:27:56', '1972-09-15 23:29:09');
INSERT INTO `friendship_request_types` (`id`, `name`, `created_at`, `updated_at`) VALUES (56, 'quasi', '2009-09-15 17:22:20', '2002-09-15 08:35:55');
INSERT INTO `friendship_request_types` (`id`, `name`, `created_at`, `updated_at`) VALUES (57, 'enim', '1974-02-15 21:09:49', '1978-02-11 07:57:53');
INSERT INTO `friendship_request_types` (`id`, `name`, `created_at`, `updated_at`) VALUES (58, 'magnam', '1979-10-01 06:54:46', '2019-04-22 14:38:59');
INSERT INTO `friendship_request_types` (`id`, `name`, `created_at`, `updated_at`) VALUES (59, 'ipsa', '2008-04-21 00:52:02', '1983-03-05 02:08:56');
INSERT INTO `friendship_request_types` (`id`, `name`, `created_at`, `updated_at`) VALUES (60, 'consequatur', '2018-04-08 11:11:39', '1970-10-22 10:30:38');
INSERT INTO `friendship_request_types` (`id`, `name`, `created_at`, `updated_at`) VALUES (61, 'deserunt', '1982-09-10 17:32:27', '2006-04-10 18:23:23');
INSERT INTO `friendship_request_types` (`id`, `name`, `created_at`, `updated_at`) VALUES (62, 'ratione', '2005-06-02 11:01:30', '1970-07-26 03:35:33');
INSERT INTO `friendship_request_types` (`id`, `name`, `created_at`, `updated_at`) VALUES (63, 'eligendi', '2006-02-10 21:35:07', '2009-04-29 19:57:26');
INSERT INTO `friendship_request_types` (`id`, `name`, `created_at`, `updated_at`) VALUES (64, 'est', '1985-01-12 22:07:27', '2003-10-16 16:06:29');
INSERT INTO `friendship_request_types` (`id`, `name`, `created_at`, `updated_at`) VALUES (65, 'vero', '2005-04-06 03:43:03', '1997-12-03 23:49:00');
INSERT INTO `friendship_request_types` (`id`, `name`, `created_at`, `updated_at`) VALUES (66, 'error', '1996-04-14 07:34:32', '1973-06-23 15:19:05');
INSERT INTO `friendship_request_types` (`id`, `name`, `created_at`, `updated_at`) VALUES (67, 'molestiae', '2004-10-19 18:45:24', '2008-11-02 14:15:31');
INSERT INTO `friendship_request_types` (`id`, `name`, `created_at`, `updated_at`) VALUES (68, 'illum', '2008-02-18 10:47:32', '1976-04-10 19:35:26');
INSERT INTO `friendship_request_types` (`id`, `name`, `created_at`, `updated_at`) VALUES (69, 'veniam', '1974-11-30 22:54:19', '2019-10-07 03:30:42');
INSERT INTO `friendship_request_types` (`id`, `name`, `created_at`, `updated_at`) VALUES (70, 'quod', '1981-04-25 23:38:14', '1991-09-12 08:52:32');
INSERT INTO `friendship_request_types` (`id`, `name`, `created_at`, `updated_at`) VALUES (71, 'provident', '2016-08-09 18:47:10', '1981-03-10 12:01:54');
INSERT INTO `friendship_request_types` (`id`, `name`, `created_at`, `updated_at`) VALUES (72, 'tempora', '1978-01-28 16:04:43', '1971-06-01 04:47:52');
INSERT INTO `friendship_request_types` (`id`, `name`, `created_at`, `updated_at`) VALUES (73, 'minus', '2002-10-17 22:40:49', '2005-09-27 01:05:20');
INSERT INTO `friendship_request_types` (`id`, `name`, `created_at`, `updated_at`) VALUES (74, 'ipsam', '1981-01-08 11:24:43', '2007-10-22 16:47:55');
INSERT INTO `friendship_request_types` (`id`, `name`, `created_at`, `updated_at`) VALUES (75, 'voluptas', '1996-02-26 01:43:51', '2002-01-20 08:54:03');
INSERT INTO `friendship_request_types` (`id`, `name`, `created_at`, `updated_at`) VALUES (76, 'illo', '1989-04-12 14:04:23', '2020-08-07 20:45:47');
INSERT INTO `friendship_request_types` (`id`, `name`, `created_at`, `updated_at`) VALUES (77, 'blanditiis', '2016-04-10 19:48:49', '2012-05-22 12:47:50');
INSERT INTO `friendship_request_types` (`id`, `name`, `created_at`, `updated_at`) VALUES (78, 'similique', '2019-12-22 09:50:45', '2000-02-20 02:45:54');
INSERT INTO `friendship_request_types` (`id`, `name`, `created_at`, `updated_at`) VALUES (79, 'cum', '2000-07-15 01:23:41', '2011-08-17 10:44:24');
INSERT INTO `friendship_request_types` (`id`, `name`, `created_at`, `updated_at`) VALUES (80, 'tenetur', '1984-11-30 13:28:07', '1986-02-09 20:01:46');
INSERT INTO `friendship_request_types` (`id`, `name`, `created_at`, `updated_at`) VALUES (81, 'deleniti', '1988-09-17 03:28:15', '1981-08-30 16:04:08');
INSERT INTO `friendship_request_types` (`id`, `name`, `created_at`, `updated_at`) VALUES (82, 'nemo', '2010-05-30 21:31:44', '2000-02-13 02:22:01');
INSERT INTO `friendship_request_types` (`id`, `name`, `created_at`, `updated_at`) VALUES (83, 'maiores', '2011-09-05 02:42:05', '2005-02-13 09:06:36');
INSERT INTO `friendship_request_types` (`id`, `name`, `created_at`, `updated_at`) VALUES (84, 'quos', '2017-06-02 21:55:06', '1974-08-28 06:38:54');
INSERT INTO `friendship_request_types` (`id`, `name`, `created_at`, `updated_at`) VALUES (85, 'corporis', '2010-05-26 03:14:37', '1982-01-13 20:42:05');
INSERT INTO `friendship_request_types` (`id`, `name`, `created_at`, `updated_at`) VALUES (86, 'velit', '1991-05-18 01:59:26', '2020-06-16 03:58:13');
INSERT INTO `friendship_request_types` (`id`, `name`, `created_at`, `updated_at`) VALUES (87, 'distinctio', '1975-08-12 22:13:17', '2019-06-12 14:53:50');
INSERT INTO `friendship_request_types` (`id`, `name`, `created_at`, `updated_at`) VALUES (88, 'fugit', '2015-03-27 12:39:03', '1983-10-07 02:23:43');
INSERT INTO `friendship_request_types` (`id`, `name`, `created_at`, `updated_at`) VALUES (89, 'delectus', '1974-02-02 03:37:58', '2004-12-13 01:30:34');
INSERT INTO `friendship_request_types` (`id`, `name`, `created_at`, `updated_at`) VALUES (90, 'libero', '1986-04-20 22:38:21', '2000-03-05 08:31:45');
INSERT INTO `friendship_request_types` (`id`, `name`, `created_at`, `updated_at`) VALUES (91, 'perspiciatis', '1998-03-16 23:20:54', '1999-06-10 05:08:27');
INSERT INTO `friendship_request_types` (`id`, `name`, `created_at`, `updated_at`) VALUES (92, 'magni', '1977-01-22 14:14:11', '1973-06-19 22:57:02');
INSERT INTO `friendship_request_types` (`id`, `name`, `created_at`, `updated_at`) VALUES (93, 'autem', '1971-05-07 11:40:53', '1977-06-18 14:01:35');
INSERT INTO `friendship_request_types` (`id`, `name`, `created_at`, `updated_at`) VALUES (94, 'ad', '2021-09-06 17:58:54', '2020-04-22 17:25:57');
INSERT INTO `friendship_request_types` (`id`, `name`, `created_at`, `updated_at`) VALUES (95, 'commodi', '1977-01-15 03:12:11', '2003-01-14 23:28:35');
INSERT INTO `friendship_request_types` (`id`, `name`, `created_at`, `updated_at`) VALUES (96, 'fugiat', '2002-11-27 18:37:22', '1996-07-23 03:23:50');
INSERT INTO `friendship_request_types` (`id`, `name`, `created_at`, `updated_at`) VALUES (97, 'expedita', '2003-12-05 22:31:18', '2018-03-04 16:39:06');
INSERT INTO `friendship_request_types` (`id`, `name`, `created_at`, `updated_at`) VALUES (98, 'minima', '1977-04-17 04:42:40', '1986-01-14 11:39:15');
INSERT INTO `friendship_request_types` (`id`, `name`, `created_at`, `updated_at`) VALUES (99, 'laborum', '2001-11-10 22:08:14', '1971-01-21 00:29:15');
INSERT INTO `friendship_request_types` (`id`, `name`, `created_at`, `updated_at`) VALUES (100, 'vel', '2007-07-09 16:04:01', '1973-03-21 04:38:42');


#
# TABLE STRUCTURE FOR: like_table
#

DROP TABLE IF EXISTS `like_table`;

CREATE TABLE `like_table` (
  `line` varchar(100) COLLATE utf8mb4_unicode_ci DEFAULT NULL
) ENGINE=InnoDB DEFAULT CHARSET=utf8mb4 COLLATE=utf8mb4_unicode_ci;

INSERT INTO `like_table` (`line`) VALUES ('Hassie Grant Sr.');
INSERT INTO `like_table` (`line`) VALUES ('Elwin Toy MD');
INSERT INTO `like_table` (`line`) VALUES ('Reagan Gusikowski');
INSERT INTO `like_table` (`line`) VALUES ('Dr. Ashton Effertz Sr.');
INSERT INTO `like_table` (`line`) VALUES ('Pablo Purdy Sr.');
INSERT INTO `like_table` (`line`) VALUES ('Ms. Mellie Ratke I');
INSERT INTO `like_table` (`line`) VALUES ('Elroy Dicki');
INSERT INTO `like_table` (`line`) VALUES ('Mr. Bell Daniel');
INSERT INTO `like_table` (`line`) VALUES ('Dr. Clark Crona II');
INSERT INTO `like_table` (`line`) VALUES ('Francisco Kub');
INSERT INTO `like_table` (`line`) VALUES ('Annetta Huels');
INSERT INTO `like_table` (`line`) VALUES ('Prof. Carmela West MD');
INSERT INTO `like_table` (`line`) VALUES ('Cydney Lind');
INSERT INTO `like_table` (`line`) VALUES ('Pascale Howe');
INSERT INTO `like_table` (`line`) VALUES ('Joanie Walsh');
INSERT INTO `like_table` (`line`) VALUES ('Buford Lakin');
INSERT INTO `like_table` (`line`) VALUES ('Braulio Cremin I');
INSERT INTO `like_table` (`line`) VALUES ('Aimee Kiehn');
INSERT INTO `like_table` (`line`) VALUES ('Bernice Grimes');
INSERT INTO `like_table` (`line`) VALUES ('Maria Keeling');
INSERT INTO `like_table` (`line`) VALUES ('Emilia Nolan');
INSERT INTO `like_table` (`line`) VALUES ('Gabrielle Runolfsdottir');
INSERT INTO `like_table` (`line`) VALUES ('Dr. Garett Lemke');
INSERT INTO `like_table` (`line`) VALUES ('Miss Graciela Schultz');
INSERT INTO `like_table` (`line`) VALUES ('Ms. Johanna Weissnat');
INSERT INTO `like_table` (`line`) VALUES ('Blanca Cormier');
INSERT INTO `like_table` (`line`) VALUES ('Norene Hintz');
INSERT INTO `like_table` (`line`) VALUES ('Melisa O\'Hara');
INSERT INTO `like_table` (`line`) VALUES ('Prof. Bette Kautzer Jr.');
INSERT INTO `like_table` (`line`) VALUES ('Vernie Douglas');
INSERT INTO `like_table` (`line`) VALUES ('Mr. Carroll Hand III');
INSERT INTO `like_table` (`line`) VALUES ('Penelope Mills');
INSERT INTO `like_table` (`line`) VALUES ('Mr. Nathanial Daugherty');
INSERT INTO `like_table` (`line`) VALUES ('Madyson Macejkovic');
INSERT INTO `like_table` (`line`) VALUES ('Russel Weissnat Jr.');
INSERT INTO `like_table` (`line`) VALUES ('Eloise Baumbach DDS');
INSERT INTO `like_table` (`line`) VALUES ('Pauline Quitzon');
INSERT INTO `like_table` (`line`) VALUES ('Josianne Langworth');
INSERT INTO `like_table` (`line`) VALUES ('Wilma Lubowitz II');
INSERT INTO `like_table` (`line`) VALUES ('Demarco Berge');
INSERT INTO `like_table` (`line`) VALUES ('Elenor Lindgren');
INSERT INTO `like_table` (`line`) VALUES ('Marlon Hettinger');
INSERT INTO `like_table` (`line`) VALUES ('Mr. Jay Schmeler II');
INSERT INTO `like_table` (`line`) VALUES ('Gaston Bins');
INSERT INTO `like_table` (`line`) VALUES ('Vickie Torp');
INSERT INTO `like_table` (`line`) VALUES ('Ms. Luz Padberg I');
INSERT INTO `like_table` (`line`) VALUES ('Kaycee Schamberger');
INSERT INTO `like_table` (`line`) VALUES ('Candida Skiles Sr.');
INSERT INTO `like_table` (`line`) VALUES ('Rebekah Little');
INSERT INTO `like_table` (`line`) VALUES ('Marie Kuhn V');
INSERT INTO `like_table` (`line`) VALUES ('Jana Hyatt');
INSERT INTO `like_table` (`line`) VALUES ('Randal Kuhlman I');
INSERT INTO `like_table` (`line`) VALUES ('Elda Breitenberg');
INSERT INTO `like_table` (`line`) VALUES ('Dr. Elmore McClure');
INSERT INTO `like_table` (`line`) VALUES ('Mrs. Emmanuelle Casper III');
INSERT INTO `like_table` (`line`) VALUES ('Maudie Bednar');
INSERT INTO `like_table` (`line`) VALUES ('Keaton Beatty');
INSERT INTO `like_table` (`line`) VALUES ('Ms. Melisa Cronin');
INSERT INTO `like_table` (`line`) VALUES ('Edythe Wilderman');
INSERT INTO `like_table` (`line`) VALUES ('Issac Kovacek');
INSERT INTO `like_table` (`line`) VALUES ('Lola Hammes II');
INSERT INTO `like_table` (`line`) VALUES ('Mr. Wilton Boyer');
INSERT INTO `like_table` (`line`) VALUES ('Wilfrid Effertz III');
INSERT INTO `like_table` (`line`) VALUES ('Dr. Noah Bergnaum I');
INSERT INTO `like_table` (`line`) VALUES ('Loy Swaniawski');
INSERT INTO `like_table` (`line`) VALUES ('Mortimer Grady');
INSERT INTO `like_table` (`line`) VALUES ('Nathanial Halvorson');
INSERT INTO `like_table` (`line`) VALUES ('Prof. Bernice Feil V');
INSERT INTO `like_table` (`line`) VALUES ('Wilton Sauer');
INSERT INTO `like_table` (`line`) VALUES ('Charley Gorczany');
INSERT INTO `like_table` (`line`) VALUES ('Mr. Raheem McDermott V');
INSERT INTO `like_table` (`line`) VALUES ('Marguerite Ruecker');
INSERT INTO `like_table` (`line`) VALUES ('Raheem Littel');
INSERT INTO `like_table` (`line`) VALUES ('Bridget Hodkiewicz');
INSERT INTO `like_table` (`line`) VALUES ('Donnie O\'Reilly');
INSERT INTO `like_table` (`line`) VALUES ('Mr. Reese Schoen');
INSERT INTO `like_table` (`line`) VALUES ('Marielle Friesen');
INSERT INTO `like_table` (`line`) VALUES ('Hailee Murray');
INSERT INTO `like_table` (`line`) VALUES ('Jabari Kuhlman');
INSERT INTO `like_table` (`line`) VALUES ('Maximilian Mohr');
INSERT INTO `like_table` (`line`) VALUES ('Mr. Desmond Grimes');
INSERT INTO `like_table` (`line`) VALUES ('Pierce Kilback DVM');
INSERT INTO `like_table` (`line`) VALUES ('Mr. Casimir Schneider');
INSERT INTO `like_table` (`line`) VALUES ('Noble Kohler');
INSERT INTO `like_table` (`line`) VALUES ('Armand Johnson');
INSERT INTO `like_table` (`line`) VALUES ('Bertrand Terry');
INSERT INTO `like_table` (`line`) VALUES ('Kianna Dietrich DDS');
INSERT INTO `like_table` (`line`) VALUES ('Dr. Johann Wilderman Jr.');
INSERT INTO `like_table` (`line`) VALUES ('Dr. Rosalia Gottlieb');
INSERT INTO `like_table` (`line`) VALUES ('Prof. Marcos Balistreri PhD');
INSERT INTO `like_table` (`line`) VALUES ('Natalia Tromp');
INSERT INTO `like_table` (`line`) VALUES ('Antonietta Treutel');
INSERT INTO `like_table` (`line`) VALUES ('Esta Larkin');
INSERT INTO `like_table` (`line`) VALUES ('Eveline Hills');
INSERT INTO `like_table` (`line`) VALUES ('Dolly Nitzsche');
INSERT INTO `like_table` (`line`) VALUES ('Magdalen Yost');
INSERT INTO `like_table` (`line`) VALUES ('Emmanuelle Pouros II');
INSERT INTO `like_table` (`line`) VALUES ('Macey Boyle');
INSERT INTO `like_table` (`line`) VALUES ('Kareem Boyer Sr.');
INSERT INTO `like_table` (`line`) VALUES ('Darryl DuBuque');


#
# TABLE STRUCTURE FOR: media
#

DROP TABLE IF EXISTS `media`;

CREATE TABLE `media` (
  `id` int(10) unsigned NOT NULL AUTO_INCREMENT COMMENT 'Идентификатор строки',
  `filename` varchar(255) COLLATE utf8mb4_unicode_ci NOT NULL COMMENT 'Полный путь к файлу',
  `media_type_id` int(10) unsigned NOT NULL COMMENT 'Ссылка на тип файла',
  `metadata` longtext CHARACTER SET utf8mb4 COLLATE utf8mb4_bin NOT NULL COMMENT 'Метаданные файла (дополнительные параметры, переменного числа в вазисимости от типа файла)' CHECK (json_valid(`metadata`)),
  `user_id` int(10) unsigned NOT NULL COMMENT 'Ссылка на пользователя',
  `created_at` datetime DEFAULT current_timestamp() COMMENT 'Время создания строки',
  `updated_at` datetime DEFAULT current_timestamp() ON UPDATE current_timestamp() COMMENT 'Время обновления строки',
  PRIMARY KEY (`id`),
  KEY `media_user_id` (`user_id`),
  CONSTRAINT `media_user_id` FOREIGN KEY (`user_id`) REFERENCES `users` (`id`)
) ENGINE=InnoDB AUTO_INCREMENT=194 DEFAULT CHARSET=utf8mb4 COLLATE=utf8mb4_unicode_ci;

INSERT INTO `media` (`id`, `filename`, `media_type_id`, `metadata`, `user_id`, `created_at`, `updated_at`) VALUES (101, 'quo', 1, '4', 1, '1986-06-17 17:37:36', '1987-11-10 18:06:55');
INSERT INTO `media` (`id`, `filename`, `media_type_id`, `metadata`, `user_id`, `created_at`, `updated_at`) VALUES (102, 'error', 2, '4', 2, '1995-05-08 04:27:02', '2010-12-06 18:37:20');
INSERT INTO `media` (`id`, `filename`, `media_type_id`, `metadata`, `user_id`, `created_at`, `updated_at`) VALUES (103, 'sit', 3, '6', 3, '2014-12-22 20:32:05', '1979-09-02 23:14:08');
INSERT INTO `media` (`id`, `filename`, `media_type_id`, `metadata`, `user_id`, `created_at`, `updated_at`) VALUES (104, 'minima', 4, '1', 4, '2013-05-17 11:53:13', '1987-01-23 21:11:00');
INSERT INTO `media` (`id`, `filename`, `media_type_id`, `metadata`, `user_id`, `created_at`, `updated_at`) VALUES (105, 'rerum', 5, '8', 5, '1972-09-02 18:07:46', '2016-01-31 15:03:53');
INSERT INTO `media` (`id`, `filename`, `media_type_id`, `metadata`, `user_id`, `created_at`, `updated_at`) VALUES (106, 'earum', 7, '2', 7, '2004-02-26 18:34:49', '1998-04-12 00:05:06');
INSERT INTO `media` (`id`, `filename`, `media_type_id`, `metadata`, `user_id`, `created_at`, `updated_at`) VALUES (107, 'maxime', 8, '4', 8, '1984-02-13 09:14:59', '1979-10-29 21:58:58');
INSERT INTO `media` (`id`, `filename`, `media_type_id`, `metadata`, `user_id`, `created_at`, `updated_at`) VALUES (108, 'consectetur', 9, '5', 9, '1983-12-19 18:34:04', '2005-07-02 08:07:14');
INSERT INTO `media` (`id`, `filename`, `media_type_id`, `metadata`, `user_id`, `created_at`, `updated_at`) VALUES (109, 'necessitatibus', 10, '3', 10, '1988-11-03 21:29:33', '1977-06-25 12:18:05');
INSERT INTO `media` (`id`, `filename`, `media_type_id`, `metadata`, `user_id`, `created_at`, `updated_at`) VALUES (110, 'in', 12, '1', 12, '1995-05-09 23:29:12', '2014-02-28 03:44:56');
INSERT INTO `media` (`id`, `filename`, `media_type_id`, `metadata`, `user_id`, `created_at`, `updated_at`) VALUES (111, 'ipsum', 13, '1', 13, '1993-10-30 20:16:54', '2021-01-29 11:12:49');
INSERT INTO `media` (`id`, `filename`, `media_type_id`, `metadata`, `user_id`, `created_at`, `updated_at`) VALUES (112, 'fuga', 14, '8', 14, '2008-10-23 10:08:38', '1986-05-31 22:40:54');
INSERT INTO `media` (`id`, `filename`, `media_type_id`, `metadata`, `user_id`, `created_at`, `updated_at`) VALUES (113, 'voluptatem', 15, '4', 15, '1974-08-14 07:09:56', '1976-12-06 14:35:38');
INSERT INTO `media` (`id`, `filename`, `media_type_id`, `metadata`, `user_id`, `created_at`, `updated_at`) VALUES (114, 'reprehenderit', 18, '9', 18, '1985-05-29 11:23:12', '2019-08-04 02:43:07');
INSERT INTO `media` (`id`, `filename`, `media_type_id`, `metadata`, `user_id`, `created_at`, `updated_at`) VALUES (115, 'vel', 19, '2', 19, '2005-12-15 05:07:00', '1970-06-19 08:19:36');
INSERT INTO `media` (`id`, `filename`, `media_type_id`, `metadata`, `user_id`, `created_at`, `updated_at`) VALUES (116, 'enim', 20, '5', 20, '1984-11-16 03:24:23', '1991-06-04 19:47:39');
INSERT INTO `media` (`id`, `filename`, `media_type_id`, `metadata`, `user_id`, `created_at`, `updated_at`) VALUES (117, 'doloremque', 21, '3', 21, '1974-01-16 02:07:04', '1996-02-21 21:08:34');
INSERT INTO `media` (`id`, `filename`, `media_type_id`, `metadata`, `user_id`, `created_at`, `updated_at`) VALUES (118, 'unde', 22, '1', 22, '1997-04-25 23:18:47', '1990-07-07 17:09:15');
INSERT INTO `media` (`id`, `filename`, `media_type_id`, `metadata`, `user_id`, `created_at`, `updated_at`) VALUES (119, 'sint', 23, '3', 23, '2020-10-29 10:53:24', '1978-10-11 00:51:36');
INSERT INTO `media` (`id`, `filename`, `media_type_id`, `metadata`, `user_id`, `created_at`, `updated_at`) VALUES (120, 'eos', 24, '2', 24, '2011-03-15 05:39:19', '1986-12-11 11:16:46');
INSERT INTO `media` (`id`, `filename`, `media_type_id`, `metadata`, `user_id`, `created_at`, `updated_at`) VALUES (121, 'alias', 25, '9', 25, '1994-05-08 19:07:30', '1994-10-13 07:25:35');
INSERT INTO `media` (`id`, `filename`, `media_type_id`, `metadata`, `user_id`, `created_at`, `updated_at`) VALUES (122, 'ratione', 26, '4', 26, '1986-05-23 17:48:44', '2017-06-01 10:15:25');
INSERT INTO `media` (`id`, `filename`, `media_type_id`, `metadata`, `user_id`, `created_at`, `updated_at`) VALUES (123, 'magnam', 27, '9', 27, '2013-05-20 06:12:21', '1977-01-15 15:09:31');
INSERT INTO `media` (`id`, `filename`, `media_type_id`, `metadata`, `user_id`, `created_at`, `updated_at`) VALUES (124, 'voluptatem', 28, '5', 28, '1975-07-01 18:26:24', '1973-12-28 21:09:15');
INSERT INTO `media` (`id`, `filename`, `media_type_id`, `metadata`, `user_id`, `created_at`, `updated_at`) VALUES (125, 'voluptas', 29, '5', 29, '2014-02-04 10:41:44', '1973-08-12 08:08:05');
INSERT INTO `media` (`id`, `filename`, `media_type_id`, `metadata`, `user_id`, `created_at`, `updated_at`) VALUES (126, 'est', 30, '3', 30, '1974-08-26 16:08:23', '1975-09-10 08:52:06');
INSERT INTO `media` (`id`, `filename`, `media_type_id`, `metadata`, `user_id`, `created_at`, `updated_at`) VALUES (127, 'numquam', 31, '4', 31, '1996-05-10 02:07:45', '1992-08-04 13:31:41');
INSERT INTO `media` (`id`, `filename`, `media_type_id`, `metadata`, `user_id`, `created_at`, `updated_at`) VALUES (128, 'odio', 32, '3', 32, '2004-09-22 05:15:01', '2007-02-18 04:15:23');
INSERT INTO `media` (`id`, `filename`, `media_type_id`, `metadata`, `user_id`, `created_at`, `updated_at`) VALUES (129, 'atque', 33, '9', 33, '1971-10-29 19:42:47', '1975-07-27 01:35:41');
INSERT INTO `media` (`id`, `filename`, `media_type_id`, `metadata`, `user_id`, `created_at`, `updated_at`) VALUES (130, 'soluta', 34, '7', 34, '1985-08-11 14:06:49', '1980-09-23 15:37:41');
INSERT INTO `media` (`id`, `filename`, `media_type_id`, `metadata`, `user_id`, `created_at`, `updated_at`) VALUES (131, 'velit', 35, '2', 35, '2000-06-12 19:45:21', '2004-12-27 12:29:55');
INSERT INTO `media` (`id`, `filename`, `media_type_id`, `metadata`, `user_id`, `created_at`, `updated_at`) VALUES (132, 'explicabo', 36, '4', 36, '1975-09-26 04:51:05', '1997-09-07 04:46:43');
INSERT INTO `media` (`id`, `filename`, `media_type_id`, `metadata`, `user_id`, `created_at`, `updated_at`) VALUES (133, 'distinctio', 37, '7', 37, '2008-06-28 10:23:19', '1995-11-12 13:18:56');
INSERT INTO `media` (`id`, `filename`, `media_type_id`, `metadata`, `user_id`, `created_at`, `updated_at`) VALUES (134, 'non', 38, '8', 38, '2012-02-06 13:27:54', '2006-04-14 14:36:08');
INSERT INTO `media` (`id`, `filename`, `media_type_id`, `metadata`, `user_id`, `created_at`, `updated_at`) VALUES (135, 'consequatur', 39, '4', 39, '2003-06-06 02:01:59', '2014-08-07 22:28:05');
INSERT INTO `media` (`id`, `filename`, `media_type_id`, `metadata`, `user_id`, `created_at`, `updated_at`) VALUES (136, 'voluptates', 40, '6', 40, '1978-03-10 23:38:14', '1995-06-28 17:06:08');
INSERT INTO `media` (`id`, `filename`, `media_type_id`, `metadata`, `user_id`, `created_at`, `updated_at`) VALUES (137, 'provident', 41, '1', 41, '1986-05-21 14:23:29', '2010-05-12 13:40:10');
INSERT INTO `media` (`id`, `filename`, `media_type_id`, `metadata`, `user_id`, `created_at`, `updated_at`) VALUES (138, 'itaque', 42, '1', 42, '1992-10-29 10:00:11', '1989-03-17 09:49:48');
INSERT INTO `media` (`id`, `filename`, `media_type_id`, `metadata`, `user_id`, `created_at`, `updated_at`) VALUES (139, 'non', 43, '9', 43, '1984-04-30 08:00:57', '2010-03-12 02:02:23');
INSERT INTO `media` (`id`, `filename`, `media_type_id`, `metadata`, `user_id`, `created_at`, `updated_at`) VALUES (140, 'autem', 44, '7', 44, '1978-07-04 23:17:39', '2013-06-02 18:04:59');
INSERT INTO `media` (`id`, `filename`, `media_type_id`, `metadata`, `user_id`, `created_at`, `updated_at`) VALUES (141, 'magni', 45, '8', 45, '1988-05-06 21:39:00', '2006-01-27 04:32:27');
INSERT INTO `media` (`id`, `filename`, `media_type_id`, `metadata`, `user_id`, `created_at`, `updated_at`) VALUES (142, 'iure', 46, '4', 46, '1991-06-23 05:20:22', '2017-09-07 20:47:43');
INSERT INTO `media` (`id`, `filename`, `media_type_id`, `metadata`, `user_id`, `created_at`, `updated_at`) VALUES (143, 'id', 47, '1', 47, '1982-04-28 23:39:20', '1993-11-06 03:49:01');
INSERT INTO `media` (`id`, `filename`, `media_type_id`, `metadata`, `user_id`, `created_at`, `updated_at`) VALUES (144, 'laborum', 48, '9', 48, '2019-09-10 06:29:16', '1972-02-08 21:30:43');
INSERT INTO `media` (`id`, `filename`, `media_type_id`, `metadata`, `user_id`, `created_at`, `updated_at`) VALUES (145, 'consequatur', 49, '1', 49, '1989-12-02 15:26:12', '2004-06-21 09:09:39');
INSERT INTO `media` (`id`, `filename`, `media_type_id`, `metadata`, `user_id`, `created_at`, `updated_at`) VALUES (146, 'quia', 50, '6', 50, '1988-05-19 19:00:25', '1993-09-22 11:05:44');
INSERT INTO `media` (`id`, `filename`, `media_type_id`, `metadata`, `user_id`, `created_at`, `updated_at`) VALUES (147, 'voluptas', 51, '6', 51, '2010-02-24 04:49:16', '1995-06-16 21:33:47');
INSERT INTO `media` (`id`, `filename`, `media_type_id`, `metadata`, `user_id`, `created_at`, `updated_at`) VALUES (148, 'culpa', 52, '2', 52, '1974-10-27 01:27:31', '2007-03-27 03:17:58');
INSERT INTO `media` (`id`, `filename`, `media_type_id`, `metadata`, `user_id`, `created_at`, `updated_at`) VALUES (149, 'voluptas', 53, '4', 53, '2006-09-28 20:44:14', '2000-03-25 10:03:02');
INSERT INTO `media` (`id`, `filename`, `media_type_id`, `metadata`, `user_id`, `created_at`, `updated_at`) VALUES (150, 'alias', 54, '7', 54, '2007-10-05 17:28:27', '2010-10-10 23:37:09');
INSERT INTO `media` (`id`, `filename`, `media_type_id`, `metadata`, `user_id`, `created_at`, `updated_at`) VALUES (151, 'voluptatum', 55, '8', 55, '2018-06-29 22:53:56', '1971-11-20 23:06:30');
INSERT INTO `media` (`id`, `filename`, `media_type_id`, `metadata`, `user_id`, `created_at`, `updated_at`) VALUES (152, 'eum', 56, '6', 56, '1983-03-18 17:00:11', '1989-05-13 05:31:00');
INSERT INTO `media` (`id`, `filename`, `media_type_id`, `metadata`, `user_id`, `created_at`, `updated_at`) VALUES (153, 'quidem', 57, '9', 57, '1970-07-03 10:58:27', '1991-03-12 21:50:52');
INSERT INTO `media` (`id`, `filename`, `media_type_id`, `metadata`, `user_id`, `created_at`, `updated_at`) VALUES (154, 'minus', 58, '5', 58, '1994-01-09 10:29:27', '2009-08-22 18:46:04');
INSERT INTO `media` (`id`, `filename`, `media_type_id`, `metadata`, `user_id`, `created_at`, `updated_at`) VALUES (155, 'totam', 59, '5', 59, '1986-09-07 07:35:03', '2017-03-21 00:19:00');
INSERT INTO `media` (`id`, `filename`, `media_type_id`, `metadata`, `user_id`, `created_at`, `updated_at`) VALUES (156, 'blanditiis', 60, '6', 60, '2003-08-12 20:48:39', '1988-03-06 21:04:30');
INSERT INTO `media` (`id`, `filename`, `media_type_id`, `metadata`, `user_id`, `created_at`, `updated_at`) VALUES (157, 'omnis', 61, '4', 61, '2002-11-17 13:20:09', '2012-10-13 03:27:06');
INSERT INTO `media` (`id`, `filename`, `media_type_id`, `metadata`, `user_id`, `created_at`, `updated_at`) VALUES (158, 'quia', 62, '5', 62, '2011-07-25 11:23:59', '1996-06-25 05:50:32');
INSERT INTO `media` (`id`, `filename`, `media_type_id`, `metadata`, `user_id`, `created_at`, `updated_at`) VALUES (159, 'cum', 63, '4', 63, '1995-05-09 08:31:45', '2018-03-26 16:16:48');
INSERT INTO `media` (`id`, `filename`, `media_type_id`, `metadata`, `user_id`, `created_at`, `updated_at`) VALUES (160, 'est', 64, '1', 64, '2007-10-11 18:03:17', '1983-05-04 07:08:12');
INSERT INTO `media` (`id`, `filename`, `media_type_id`, `metadata`, `user_id`, `created_at`, `updated_at`) VALUES (161, 'deserunt', 65, '7', 65, '1980-02-01 16:25:06', '2005-07-26 15:08:48');
INSERT INTO `media` (`id`, `filename`, `media_type_id`, `metadata`, `user_id`, `created_at`, `updated_at`) VALUES (162, 'sapiente', 66, '2', 66, '2021-06-30 07:46:40', '2018-03-24 13:27:09');
INSERT INTO `media` (`id`, `filename`, `media_type_id`, `metadata`, `user_id`, `created_at`, `updated_at`) VALUES (163, 'modi', 67, '4', 67, '1972-05-07 09:05:06', '2010-06-25 23:44:35');
INSERT INTO `media` (`id`, `filename`, `media_type_id`, `metadata`, `user_id`, `created_at`, `updated_at`) VALUES (164, 'eligendi', 68, '9', 68, '2007-02-14 11:48:43', '1986-05-03 03:09:05');
INSERT INTO `media` (`id`, `filename`, `media_type_id`, `metadata`, `user_id`, `created_at`, `updated_at`) VALUES (165, 'veritatis', 69, '5', 69, '1978-10-30 07:09:13', '1997-11-07 14:30:32');
INSERT INTO `media` (`id`, `filename`, `media_type_id`, `metadata`, `user_id`, `created_at`, `updated_at`) VALUES (166, 'quos', 70, '6', 70, '2016-04-11 02:06:28', '1977-03-07 04:35:53');
INSERT INTO `media` (`id`, `filename`, `media_type_id`, `metadata`, `user_id`, `created_at`, `updated_at`) VALUES (167, 'qui', 71, '1', 71, '2020-05-09 03:45:23', '1974-11-23 08:31:38');
INSERT INTO `media` (`id`, `filename`, `media_type_id`, `metadata`, `user_id`, `created_at`, `updated_at`) VALUES (168, 'voluptas', 72, '3', 72, '2001-02-18 14:01:29', '1978-12-09 10:46:17');
INSERT INTO `media` (`id`, `filename`, `media_type_id`, `metadata`, `user_id`, `created_at`, `updated_at`) VALUES (169, 'et', 73, '8', 73, '2012-11-10 17:58:16', '2004-12-22 05:13:28');
INSERT INTO `media` (`id`, `filename`, `media_type_id`, `metadata`, `user_id`, `created_at`, `updated_at`) VALUES (170, 'fugiat', 74, '3', 74, '1993-10-27 23:56:05', '1970-11-21 22:25:41');
INSERT INTO `media` (`id`, `filename`, `media_type_id`, `metadata`, `user_id`, `created_at`, `updated_at`) VALUES (171, 'sit', 75, '6', 75, '2013-12-24 13:51:40', '2003-09-22 17:11:23');
INSERT INTO `media` (`id`, `filename`, `media_type_id`, `metadata`, `user_id`, `created_at`, `updated_at`) VALUES (172, 'numquam', 76, '6', 76, '1993-08-01 00:58:08', '1992-12-25 14:33:03');
INSERT INTO `media` (`id`, `filename`, `media_type_id`, `metadata`, `user_id`, `created_at`, `updated_at`) VALUES (173, 'nam', 77, '8', 77, '1998-04-02 03:16:47', '2003-08-18 07:57:26');
INSERT INTO `media` (`id`, `filename`, `media_type_id`, `metadata`, `user_id`, `created_at`, `updated_at`) VALUES (174, 'officia', 79, '6', 79, '1999-12-31 20:34:33', '1998-04-01 08:43:44');
INSERT INTO `media` (`id`, `filename`, `media_type_id`, `metadata`, `user_id`, `created_at`, `updated_at`) VALUES (175, 'enim', 80, '7', 80, '2012-03-01 23:51:14', '1987-04-11 04:37:46');
INSERT INTO `media` (`id`, `filename`, `media_type_id`, `metadata`, `user_id`, `created_at`, `updated_at`) VALUES (176, 'est', 81, '2', 81, '1998-09-08 16:30:48', '2010-12-14 22:06:18');
INSERT INTO `media` (`id`, `filename`, `media_type_id`, `metadata`, `user_id`, `created_at`, `updated_at`) VALUES (177, 'dolor', 82, '6', 82, '1990-12-23 21:25:39', '1999-05-12 16:01:48');
INSERT INTO `media` (`id`, `filename`, `media_type_id`, `metadata`, `user_id`, `created_at`, `updated_at`) VALUES (178, 'in', 83, '4', 83, '2008-12-18 13:11:42', '1970-05-15 00:45:43');
INSERT INTO `media` (`id`, `filename`, `media_type_id`, `metadata`, `user_id`, `created_at`, `updated_at`) VALUES (179, 'ut', 84, '1', 84, '2001-12-16 02:15:46', '1997-02-09 18:37:42');
INSERT INTO `media` (`id`, `filename`, `media_type_id`, `metadata`, `user_id`, `created_at`, `updated_at`) VALUES (180, 'beatae', 85, '5', 85, '1998-04-24 05:18:47', '1983-03-17 12:22:34');
INSERT INTO `media` (`id`, `filename`, `media_type_id`, `metadata`, `user_id`, `created_at`, `updated_at`) VALUES (181, 'voluptas', 86, '5', 86, '1978-09-12 16:29:44', '1991-10-10 16:17:54');
INSERT INTO `media` (`id`, `filename`, `media_type_id`, `metadata`, `user_id`, `created_at`, `updated_at`) VALUES (182, 'dicta', 87, '1', 87, '1975-11-21 05:06:33', '1971-06-20 17:18:27');
INSERT INTO `media` (`id`, `filename`, `media_type_id`, `metadata`, `user_id`, `created_at`, `updated_at`) VALUES (183, 'recusandae', 88, '9', 88, '1980-07-09 18:02:58', '2018-11-24 05:56:48');
INSERT INTO `media` (`id`, `filename`, `media_type_id`, `metadata`, `user_id`, `created_at`, `updated_at`) VALUES (184, 'animi', 90, '8', 90, '2012-02-13 23:31:00', '2020-08-31 15:48:14');
INSERT INTO `media` (`id`, `filename`, `media_type_id`, `metadata`, `user_id`, `created_at`, `updated_at`) VALUES (185, 'officia', 91, '8', 91, '1993-06-08 17:11:34', '1981-07-04 04:06:48');
INSERT INTO `media` (`id`, `filename`, `media_type_id`, `metadata`, `user_id`, `created_at`, `updated_at`) VALUES (186, 'sit', 92, '4', 92, '1977-07-01 17:30:25', '2010-05-12 23:07:05');
INSERT INTO `media` (`id`, `filename`, `media_type_id`, `metadata`, `user_id`, `created_at`, `updated_at`) VALUES (187, 'eligendi', 93, '1', 93, '1990-03-18 09:33:46', '1999-03-26 22:04:11');
INSERT INTO `media` (`id`, `filename`, `media_type_id`, `metadata`, `user_id`, `created_at`, `updated_at`) VALUES (188, 'laboriosam', 95, '1', 95, '1988-09-07 09:29:11', '2017-01-31 09:04:37');
INSERT INTO `media` (`id`, `filename`, `media_type_id`, `metadata`, `user_id`, `created_at`, `updated_at`) VALUES (189, 'fugiat', 96, '7', 96, '1979-10-26 08:00:50', '1996-02-24 01:08:25');
INSERT INTO `media` (`id`, `filename`, `media_type_id`, `metadata`, `user_id`, `created_at`, `updated_at`) VALUES (190, 'tenetur', 97, '7', 97, '1976-08-04 12:05:16', '2020-12-05 22:17:53');
INSERT INTO `media` (`id`, `filename`, `media_type_id`, `metadata`, `user_id`, `created_at`, `updated_at`) VALUES (191, 'debitis', 98, '7', 98, '2020-05-04 04:59:15', '1994-12-25 13:03:28');
INSERT INTO `media` (`id`, `filename`, `media_type_id`, `metadata`, `user_id`, `created_at`, `updated_at`) VALUES (192, 'ut', 99, '1', 99, '2001-03-23 23:05:39', '2008-06-01 04:42:52');
INSERT INTO `media` (`id`, `filename`, `media_type_id`, `metadata`, `user_id`, `created_at`, `updated_at`) VALUES (193, 'quidem', 100, '3', 100, '2018-01-26 10:07:56', '1978-01-25 06:41:49');


#
# TABLE STRUCTURE FOR: media_types
#

DROP TABLE IF EXISTS `media_types`;

CREATE TABLE `media_types` (
  `id` int(10) unsigned NOT NULL AUTO_INCREMENT COMMENT 'Идентификатор строки',
  `name` varchar(255) COLLATE utf8mb4_unicode_ci NOT NULL COMMENT 'Название типа',
  `created_at` datetime DEFAULT current_timestamp() COMMENT 'Время создания строки',
  `updated_at` datetime DEFAULT current_timestamp() ON UPDATE current_timestamp() COMMENT 'Время обновления строки',
  PRIMARY KEY (`id`),
  UNIQUE KEY `name` (`name`)
) ENGINE=InnoDB AUTO_INCREMENT=101 DEFAULT CHARSET=utf8mb4 COLLATE=utf8mb4_unicode_ci;

INSERT INTO `media_types` (`id`, `name`, `created_at`, `updated_at`) VALUES (1, 'quia', '2016-12-15 11:54:31', '1997-08-22 09:45:31');
INSERT INTO `media_types` (`id`, `name`, `created_at`, `updated_at`) VALUES (2, 'repellendus', '2001-05-05 19:06:42', '1993-12-10 13:54:29');
INSERT INTO `media_types` (`id`, `name`, `created_at`, `updated_at`) VALUES (3, 'nam', '1976-06-22 02:00:45', '1984-07-01 03:41:02');
INSERT INTO `media_types` (`id`, `name`, `created_at`, `updated_at`) VALUES (4, 'fugiat', '1981-12-12 08:30:03', '2009-10-12 12:26:54');
INSERT INTO `media_types` (`id`, `name`, `created_at`, `updated_at`) VALUES (5, 'veritatis', '1977-11-10 19:43:20', '1978-05-02 07:08:24');
INSERT INTO `media_types` (`id`, `name`, `created_at`, `updated_at`) VALUES (6, 'quae', '2001-02-26 23:29:42', '1990-05-19 11:17:02');
INSERT INTO `media_types` (`id`, `name`, `created_at`, `updated_at`) VALUES (7, 'sint', '1989-04-10 08:08:10', '1996-11-26 13:11:27');
INSERT INTO `media_types` (`id`, `name`, `created_at`, `updated_at`) VALUES (8, 'quisquam', '1976-10-19 20:41:44', '1983-04-12 04:07:14');
INSERT INTO `media_types` (`id`, `name`, `created_at`, `updated_at`) VALUES (9, 'corrupti', '2020-02-18 14:08:22', '2019-01-12 14:56:27');
INSERT INTO `media_types` (`id`, `name`, `created_at`, `updated_at`) VALUES (10, 'dolorem', '1988-04-17 21:16:35', '2019-10-31 14:43:40');
INSERT INTO `media_types` (`id`, `name`, `created_at`, `updated_at`) VALUES (11, 'sunt', '1982-12-15 19:37:59', '1980-06-08 12:07:28');
INSERT INTO `media_types` (`id`, `name`, `created_at`, `updated_at`) VALUES (12, 'provident', '1972-07-14 15:13:01', '2021-04-09 17:30:51');
INSERT INTO `media_types` (`id`, `name`, `created_at`, `updated_at`) VALUES (13, 'officiis', '2007-11-21 03:24:37', '1988-12-25 23:25:46');
INSERT INTO `media_types` (`id`, `name`, `created_at`, `updated_at`) VALUES (14, 'illum', '2019-05-21 02:43:10', '2004-09-29 19:51:39');
INSERT INTO `media_types` (`id`, `name`, `created_at`, `updated_at`) VALUES (15, 'ea', '1985-10-24 00:12:32', '2001-03-13 19:15:05');
INSERT INTO `media_types` (`id`, `name`, `created_at`, `updated_at`) VALUES (16, 'tempore', '2014-09-12 09:09:19', '2011-07-22 14:42:57');
INSERT INTO `media_types` (`id`, `name`, `created_at`, `updated_at`) VALUES (17, 'maxime', '2012-05-31 04:23:38', '1970-02-24 11:21:48');
INSERT INTO `media_types` (`id`, `name`, `created_at`, `updated_at`) VALUES (18, 'quibusdam', '2002-06-20 05:57:53', '2001-03-08 21:54:04');
INSERT INTO `media_types` (`id`, `name`, `created_at`, `updated_at`) VALUES (19, 'rerum', '1988-05-23 10:12:30', '1993-05-17 23:42:48');
INSERT INTO `media_types` (`id`, `name`, `created_at`, `updated_at`) VALUES (20, 'quos', '1993-12-02 09:34:24', '1987-08-14 02:09:37');
INSERT INTO `media_types` (`id`, `name`, `created_at`, `updated_at`) VALUES (21, 'veniam', '1976-06-11 17:11:32', '1981-05-04 02:34:01');
INSERT INTO `media_types` (`id`, `name`, `created_at`, `updated_at`) VALUES (22, 'occaecati', '2008-10-13 06:48:34', '2018-12-08 13:49:46');
INSERT INTO `media_types` (`id`, `name`, `created_at`, `updated_at`) VALUES (23, 'totam', '1978-02-14 06:42:17', '2005-04-25 07:24:37');
INSERT INTO `media_types` (`id`, `name`, `created_at`, `updated_at`) VALUES (24, 'magni', '1972-10-21 02:58:08', '2019-09-21 19:06:25');
INSERT INTO `media_types` (`id`, `name`, `created_at`, `updated_at`) VALUES (25, 'id', '1982-07-10 21:28:12', '1996-12-09 06:16:11');
INSERT INTO `media_types` (`id`, `name`, `created_at`, `updated_at`) VALUES (26, 'cumque', '2001-03-14 17:16:40', '2000-03-26 17:31:58');
INSERT INTO `media_types` (`id`, `name`, `created_at`, `updated_at`) VALUES (27, 'mollitia', '2008-01-18 21:15:15', '2004-04-11 22:54:42');
INSERT INTO `media_types` (`id`, `name`, `created_at`, `updated_at`) VALUES (28, 'sapiente', '1986-05-22 13:20:32', '2007-02-10 06:47:35');
INSERT INTO `media_types` (`id`, `name`, `created_at`, `updated_at`) VALUES (29, 'ducimus', '2004-02-09 04:11:40', '1995-04-04 00:55:03');
INSERT INTO `media_types` (`id`, `name`, `created_at`, `updated_at`) VALUES (30, 'aspernatur', '2001-12-14 21:36:57', '2012-12-31 16:23:09');
INSERT INTO `media_types` (`id`, `name`, `created_at`, `updated_at`) VALUES (31, 'vel', '1997-05-10 06:35:33', '2001-12-04 16:45:27');
INSERT INTO `media_types` (`id`, `name`, `created_at`, `updated_at`) VALUES (32, 'nobis', '1994-07-29 23:46:20', '2012-06-15 14:54:45');
INSERT INTO `media_types` (`id`, `name`, `created_at`, `updated_at`) VALUES (33, 'autem', '1984-11-08 18:01:49', '1975-07-23 12:13:12');
INSERT INTO `media_types` (`id`, `name`, `created_at`, `updated_at`) VALUES (34, 'error', '2019-02-28 09:22:28', '2001-07-06 10:10:57');
INSERT INTO `media_types` (`id`, `name`, `created_at`, `updated_at`) VALUES (35, 'voluptates', '1970-09-19 19:24:18', '1984-09-29 18:12:13');
INSERT INTO `media_types` (`id`, `name`, `created_at`, `updated_at`) VALUES (36, 'nesciunt', '1977-02-21 16:38:20', '1980-04-22 13:52:00');
INSERT INTO `media_types` (`id`, `name`, `created_at`, `updated_at`) VALUES (37, 'ullam', '1999-03-21 17:29:03', '2016-05-24 17:45:14');
INSERT INTO `media_types` (`id`, `name`, `created_at`, `updated_at`) VALUES (38, 'alias', '1986-08-02 08:55:50', '1987-08-05 11:08:30');
INSERT INTO `media_types` (`id`, `name`, `created_at`, `updated_at`) VALUES (39, 'perspiciatis', '1977-01-15 18:29:09', '1995-06-13 06:27:36');
INSERT INTO `media_types` (`id`, `name`, `created_at`, `updated_at`) VALUES (40, 'quo', '1970-02-04 15:42:38', '1994-07-31 08:33:49');
INSERT INTO `media_types` (`id`, `name`, `created_at`, `updated_at`) VALUES (41, 'quasi', '1992-03-24 11:43:02', '2006-12-30 18:00:17');
INSERT INTO `media_types` (`id`, `name`, `created_at`, `updated_at`) VALUES (42, 'et', '2019-02-03 04:00:43', '1970-02-10 17:31:39');
INSERT INTO `media_types` (`id`, `name`, `created_at`, `updated_at`) VALUES (43, 'nihil', '1975-07-07 02:10:17', '1995-12-27 20:03:06');
INSERT INTO `media_types` (`id`, `name`, `created_at`, `updated_at`) VALUES (44, 'hic', '2015-12-21 16:45:24', '2003-02-24 13:05:30');
INSERT INTO `media_types` (`id`, `name`, `created_at`, `updated_at`) VALUES (45, 'blanditiis', '2000-07-10 08:49:58', '2020-12-17 20:02:19');
INSERT INTO `media_types` (`id`, `name`, `created_at`, `updated_at`) VALUES (46, 'inventore', '1993-09-24 00:33:57', '1989-09-15 14:47:10');
INSERT INTO `media_types` (`id`, `name`, `created_at`, `updated_at`) VALUES (47, 'laudantium', '1985-11-12 14:47:02', '1979-03-27 15:26:35');
INSERT INTO `media_types` (`id`, `name`, `created_at`, `updated_at`) VALUES (48, 'aliquam', '1991-01-29 04:43:36', '1992-06-18 08:36:40');
INSERT INTO `media_types` (`id`, `name`, `created_at`, `updated_at`) VALUES (49, 'rem', '2004-03-25 01:16:57', '1981-04-28 02:20:46');
INSERT INTO `media_types` (`id`, `name`, `created_at`, `updated_at`) VALUES (50, 'dolores', '2009-06-27 15:13:25', '1985-05-10 02:14:39');
INSERT INTO `media_types` (`id`, `name`, `created_at`, `updated_at`) VALUES (51, 'sit', '2021-05-20 12:45:57', '1996-06-17 15:47:12');
INSERT INTO `media_types` (`id`, `name`, `created_at`, `updated_at`) VALUES (52, 'asperiores', '1990-06-20 03:47:44', '1981-08-01 15:11:22');
INSERT INTO `media_types` (`id`, `name`, `created_at`, `updated_at`) VALUES (53, 'deleniti', '1999-02-04 20:28:14', '1996-01-19 00:04:59');
INSERT INTO `media_types` (`id`, `name`, `created_at`, `updated_at`) VALUES (54, 'eos', '1980-05-17 21:14:00', '1992-07-10 17:25:15');
INSERT INTO `media_types` (`id`, `name`, `created_at`, `updated_at`) VALUES (55, 'exercitationem', '2015-04-23 09:13:12', '2013-10-22 17:24:38');
INSERT INTO `media_types` (`id`, `name`, `created_at`, `updated_at`) VALUES (56, 'eum', '1986-06-24 17:25:05', '1991-12-12 14:06:00');
INSERT INTO `media_types` (`id`, `name`, `created_at`, `updated_at`) VALUES (57, 'consequatur', '2019-11-17 14:31:16', '2015-03-18 12:39:19');
INSERT INTO `media_types` (`id`, `name`, `created_at`, `updated_at`) VALUES (58, 'qui', '2013-08-13 03:12:31', '1977-12-03 14:49:36');
INSERT INTO `media_types` (`id`, `name`, `created_at`, `updated_at`) VALUES (59, 'placeat', '2001-06-16 06:03:34', '2008-12-08 03:26:22');
INSERT INTO `media_types` (`id`, `name`, `created_at`, `updated_at`) VALUES (60, 'sed', '1986-11-30 20:45:57', '1981-04-26 07:09:53');
INSERT INTO `media_types` (`id`, `name`, `created_at`, `updated_at`) VALUES (61, 'libero', '2010-02-20 14:42:52', '2012-10-23 11:15:17');
INSERT INTO `media_types` (`id`, `name`, `created_at`, `updated_at`) VALUES (62, 'saepe', '1970-05-20 20:34:16', '1986-11-16 09:52:19');
INSERT INTO `media_types` (`id`, `name`, `created_at`, `updated_at`) VALUES (63, 'in', '1985-01-18 01:07:00', '1980-04-27 21:09:56');
INSERT INTO `media_types` (`id`, `name`, `created_at`, `updated_at`) VALUES (64, 'minima', '1987-03-19 18:42:20', '1977-09-05 18:41:48');
INSERT INTO `media_types` (`id`, `name`, `created_at`, `updated_at`) VALUES (65, 'architecto', '1995-07-02 19:42:28', '2006-09-27 07:36:29');
INSERT INTO `media_types` (`id`, `name`, `created_at`, `updated_at`) VALUES (66, 'labore', '2000-01-16 14:33:06', '1994-04-18 09:28:44');
INSERT INTO `media_types` (`id`, `name`, `created_at`, `updated_at`) VALUES (67, 'delectus', '2002-12-09 21:34:09', '1977-06-17 12:58:27');
INSERT INTO `media_types` (`id`, `name`, `created_at`, `updated_at`) VALUES (68, 'omnis', '1986-04-16 08:57:13', '1986-02-15 12:31:16');
INSERT INTO `media_types` (`id`, `name`, `created_at`, `updated_at`) VALUES (69, 'molestiae', '1998-07-05 03:12:40', '2003-01-13 18:23:28');
INSERT INTO `media_types` (`id`, `name`, `created_at`, `updated_at`) VALUES (70, 'doloremque', '1982-12-15 09:23:48', '1981-06-22 19:24:19');
INSERT INTO `media_types` (`id`, `name`, `created_at`, `updated_at`) VALUES (71, 'enim', '2016-02-18 09:49:18', '2006-01-31 00:56:09');
INSERT INTO `media_types` (`id`, `name`, `created_at`, `updated_at`) VALUES (72, 'itaque', '1998-09-30 14:02:43', '2014-01-22 07:23:04');
INSERT INTO `media_types` (`id`, `name`, `created_at`, `updated_at`) VALUES (73, 'voluptatibus', '1983-06-29 05:27:23', '1973-09-05 23:51:43');
INSERT INTO `media_types` (`id`, `name`, `created_at`, `updated_at`) VALUES (74, 'temporibus', '1988-10-17 17:58:15', '1987-11-09 03:33:21');
INSERT INTO `media_types` (`id`, `name`, `created_at`, `updated_at`) VALUES (75, 'impedit', '1977-07-19 04:45:50', '1992-04-02 15:40:21');
INSERT INTO `media_types` (`id`, `name`, `created_at`, `updated_at`) VALUES (76, 'expedita', '2015-03-14 06:59:23', '1977-06-16 08:32:46');
INSERT INTO `media_types` (`id`, `name`, `created_at`, `updated_at`) VALUES (77, 'maiores', '2004-04-20 18:46:29', '1999-08-27 23:56:58');
INSERT INTO `media_types` (`id`, `name`, `created_at`, `updated_at`) VALUES (78, 'ut', '2006-02-16 09:01:43', '2017-01-14 01:37:42');
INSERT INTO `media_types` (`id`, `name`, `created_at`, `updated_at`) VALUES (79, 'est', '2006-05-18 06:27:54', '2020-03-26 19:32:07');
INSERT INTO `media_types` (`id`, `name`, `created_at`, `updated_at`) VALUES (80, 'voluptas', '1979-03-22 18:38:55', '2015-01-18 15:33:22');
INSERT INTO `media_types` (`id`, `name`, `created_at`, `updated_at`) VALUES (81, 'a', '1971-04-10 14:10:11', '2019-05-12 01:13:08');
INSERT INTO `media_types` (`id`, `name`, `created_at`, `updated_at`) VALUES (82, 'iusto', '1982-03-14 10:21:27', '1983-12-25 15:53:45');
INSERT INTO `media_types` (`id`, `name`, `created_at`, `updated_at`) VALUES (83, 'vero', '1975-10-09 04:34:22', '1970-12-30 13:35:10');
INSERT INTO `media_types` (`id`, `name`, `created_at`, `updated_at`) VALUES (84, 'ipsam', '2012-11-01 07:34:58', '1980-10-09 10:55:57');
INSERT INTO `media_types` (`id`, `name`, `created_at`, `updated_at`) VALUES (85, 'explicabo', '1995-01-19 00:15:04', '1972-07-29 20:17:37');
INSERT INTO `media_types` (`id`, `name`, `created_at`, `updated_at`) VALUES (86, 'aliquid', '1992-02-27 12:10:57', '2014-09-09 06:48:38');
INSERT INTO `media_types` (`id`, `name`, `created_at`, `updated_at`) VALUES (87, 'tempora', '1972-08-03 05:15:53', '1980-09-28 20:41:01');
INSERT INTO `media_types` (`id`, `name`, `created_at`, `updated_at`) VALUES (88, 'adipisci', '1992-04-18 17:36:36', '1975-07-14 14:55:27');
INSERT INTO `media_types` (`id`, `name`, `created_at`, `updated_at`) VALUES (89, 'at', '1973-09-17 02:55:04', '1976-09-27 14:57:05');
INSERT INTO `media_types` (`id`, `name`, `created_at`, `updated_at`) VALUES (90, 'consectetur', '1997-02-14 12:51:38', '1977-09-26 03:39:40');
INSERT INTO `media_types` (`id`, `name`, `created_at`, `updated_at`) VALUES (91, 'magnam', '1993-04-24 22:42:26', '1982-05-27 02:11:32');
INSERT INTO `media_types` (`id`, `name`, `created_at`, `updated_at`) VALUES (92, 'unde', '2001-01-21 11:04:54', '2000-05-07 14:42:35');
INSERT INTO `media_types` (`id`, `name`, `created_at`, `updated_at`) VALUES (93, 'officia', '1977-04-09 08:51:01', '1987-12-13 20:57:50');
INSERT INTO `media_types` (`id`, `name`, `created_at`, `updated_at`) VALUES (94, 'iste', '2013-06-16 23:11:11', '1984-01-09 01:37:50');
INSERT INTO `media_types` (`id`, `name`, `created_at`, `updated_at`) VALUES (95, 'soluta', '2001-08-31 13:10:27', '2010-03-12 10:52:26');
INSERT INTO `media_types` (`id`, `name`, `created_at`, `updated_at`) VALUES (96, 'aut', '2017-12-23 03:41:12', '1995-10-06 05:54:33');
INSERT INTO `media_types` (`id`, `name`, `created_at`, `updated_at`) VALUES (97, 'eligendi', '2012-12-07 16:11:47', '1981-09-24 16:00:31');
INSERT INTO `media_types` (`id`, `name`, `created_at`, `updated_at`) VALUES (98, 'facilis', '1983-12-04 18:32:14', '1975-09-08 09:11:15');
INSERT INTO `media_types` (`id`, `name`, `created_at`, `updated_at`) VALUES (99, 'reprehenderit', '2006-08-10 20:15:15', '2016-02-28 23:45:44');
INSERT INTO `media_types` (`id`, `name`, `created_at`, `updated_at`) VALUES (100, 'dignissimos', '1981-01-26 08:57:24', '2006-01-28 18:25:57');


#
# TABLE STRUCTURE FOR: messages
#

DROP TABLE IF EXISTS `messages`;

CREATE TABLE `messages` (
  `id` int(10) unsigned NOT NULL AUTO_INCREMENT COMMENT 'Идентификатор строки',
  `from_user_id` int(10) unsigned NOT NULL COMMENT 'Ссылка на отправителя сообщения',
  `to_user_id` int(10) unsigned NOT NULL COMMENT 'Ссылка на получателя сообщения',
  `body` text COLLATE utf8mb4_unicode_ci NOT NULL COMMENT 'Текст сообщения',
  `is_important` tinyint(1) DEFAULT NULL COMMENT 'Признак важности',
  `is_delivered` tinyint(1) DEFAULT NULL COMMENT 'Признак доставки',
  `created_at` datetime DEFAULT current_timestamp() COMMENT 'Время создания строки',
  `updated_at` datetime DEFAULT current_timestamp() ON UPDATE current_timestamp() COMMENT 'Время обновления строки',
  PRIMARY KEY (`id`),
  KEY `messages_to_user_id` (`to_user_id`),
  CONSTRAINT `messages_to_user_id` FOREIGN KEY (`to_user_id`) REFERENCES `users` (`id`)
) ENGINE=InnoDB AUTO_INCREMENT=101 DEFAULT CHARSET=utf8mb4 COLLATE=utf8mb4_unicode_ci;

INSERT INTO `messages` (`id`, `from_user_id`, `to_user_id`, `body`, `is_important`, `is_delivered`, `created_at`, `updated_at`) VALUES (1, 1, 1, 'Laudantium esse laudantium temporibus fuga. Dolor iure et dignissimos nihil voluptate sit. Quia iure sed itaque quo asperiores vero.', 0, 0, '1999-05-07 23:17:01', '1973-09-28 07:29:32');
INSERT INTO `messages` (`id`, `from_user_id`, `to_user_id`, `body`, `is_important`, `is_delivered`, `created_at`, `updated_at`) VALUES (2, 2, 2, 'Sed doloremque dolorem et et qui eum dolorem maiores. Ipsum blanditiis a et et tenetur tempora. Nulla reiciendis inventore numquam provident et vitae.', 1, 1, '1981-02-11 12:52:09', '1981-12-22 17:12:24');
INSERT INTO `messages` (`id`, `from_user_id`, `to_user_id`, `body`, `is_important`, `is_delivered`, `created_at`, `updated_at`) VALUES (3, 3, 3, 'Commodi et quos deleniti aut quasi exercitationem dolores. Consectetur perferendis culpa maxime repudiandae dolor error. Sit totam fugiat ullam consequatur qui.', 1, 1, '2016-02-05 22:22:49', '1981-09-28 17:19:42');
INSERT INTO `messages` (`id`, `from_user_id`, `to_user_id`, `body`, `is_important`, `is_delivered`, `created_at`, `updated_at`) VALUES (4, 4, 4, 'Modi animi recusandae dolores corrupti minus iste rem. Tempore vel exercitationem voluptatem quos. Ut laudantium qui qui eius nobis omnis provident. Aliquid quia molestias aspernatur ut ratione.', 1, 0, '1981-06-09 04:22:13', '1985-05-25 16:50:20');
INSERT INTO `messages` (`id`, `from_user_id`, `to_user_id`, `body`, `is_important`, `is_delivered`, `created_at`, `updated_at`) VALUES (5, 5, 5, 'Adipisci unde quibusdam id eos voluptas est quidem. Nesciunt delectus sint delectus eos. Aperiam sed maxime dolor rem eum accusamus.', 1, 1, '2000-06-13 15:42:42', '1980-02-28 22:45:07');
INSERT INTO `messages` (`id`, `from_user_id`, `to_user_id`, `body`, `is_important`, `is_delivered`, `created_at`, `updated_at`) VALUES (6, 6, 6, 'Aperiam placeat dolores ea reiciendis odit. Qui reiciendis qui est sunt dolor dolores fugiat. Et et corrupti iste minima blanditiis consequatur voluptas.', 0, 0, '1974-12-01 21:55:12', '1971-03-30 10:37:39');
INSERT INTO `messages` (`id`, `from_user_id`, `to_user_id`, `body`, `is_important`, `is_delivered`, `created_at`, `updated_at`) VALUES (7, 7, 7, 'Quam architecto maiores aut laborum. Accusantium tempore a animi quibusdam molestiae tempore quisquam. Aut et voluptas necessitatibus voluptatem dignissimos assumenda.', 1, 1, '1984-04-13 09:01:04', '2013-12-24 16:26:54');
INSERT INTO `messages` (`id`, `from_user_id`, `to_user_id`, `body`, `is_important`, `is_delivered`, `created_at`, `updated_at`) VALUES (8, 8, 8, 'Consequuntur aut nemo rerum. Repudiandae voluptates veniam vitae ut officiis dolorem. Autem amet enim nihil nam quis.', 1, 0, '1987-05-07 16:35:51', '1970-07-12 00:45:53');
INSERT INTO `messages` (`id`, `from_user_id`, `to_user_id`, `body`, `is_important`, `is_delivered`, `created_at`, `updated_at`) VALUES (9, 9, 9, 'Voluptatum atque voluptas modi. Pariatur architecto vel iste vel aut.', 1, 0, '2002-02-25 00:59:15', '2007-05-28 03:42:11');
INSERT INTO `messages` (`id`, `from_user_id`, `to_user_id`, `body`, `is_important`, `is_delivered`, `created_at`, `updated_at`) VALUES (10, 10, 10, 'Sunt impedit quo modi et et. Eveniet voluptatem qui quidem similique fuga architecto autem. Doloremque vero amet minima in porro voluptate.', 1, 0, '1975-01-06 12:47:14', '1973-12-07 00:44:42');
INSERT INTO `messages` (`id`, `from_user_id`, `to_user_id`, `body`, `is_important`, `is_delivered`, `created_at`, `updated_at`) VALUES (11, 11, 11, 'Incidunt cupiditate accusantium blanditiis nihil voluptatibus ducimus voluptatum. Omnis qui excepturi eos molestias impedit. Hic vel provident temporibus esse qui id accusamus animi. Et qui voluptatum officiis voluptas placeat.', 0, 1, '1972-06-04 02:22:31', '2013-01-26 12:02:37');
INSERT INTO `messages` (`id`, `from_user_id`, `to_user_id`, `body`, `is_important`, `is_delivered`, `created_at`, `updated_at`) VALUES (12, 12, 12, 'Adipisci animi rem ratione minima perferendis explicabo debitis. Iste est eum aut beatae dolores magnam. Quis ex ut optio ut veniam vero.', 1, 0, '1989-10-04 15:23:08', '2016-05-28 07:43:10');
INSERT INTO `messages` (`id`, `from_user_id`, `to_user_id`, `body`, `is_important`, `is_delivered`, `created_at`, `updated_at`) VALUES (13, 13, 13, 'Et vel soluta nemo accusantium est. Earum rerum ipsum sed magni. Consequatur rerum sapiente enim sit enim. Vitae voluptatem dolor animi rem harum earum voluptatum.', 1, 0, '2011-06-01 12:27:51', '1970-02-12 13:07:23');
INSERT INTO `messages` (`id`, `from_user_id`, `to_user_id`, `body`, `is_important`, `is_delivered`, `created_at`, `updated_at`) VALUES (14, 14, 14, 'Earum aperiam aut et ut deserunt. Molestiae eos animi maiores excepturi. Consequatur impedit velit qui non velit aliquam.', 1, 1, '2005-01-19 01:59:25', '1984-06-28 02:15:27');
INSERT INTO `messages` (`id`, `from_user_id`, `to_user_id`, `body`, `is_important`, `is_delivered`, `created_at`, `updated_at`) VALUES (15, 15, 15, 'Nulla laborum veritatis aut rerum ipsum magni. Repellendus ut sunt aspernatur aperiam repellendus qui et et. Ipsa iure voluptatem delectus debitis. Optio consequatur recusandae cupiditate nostrum.', 0, 1, '1979-04-25 19:51:38', '2002-08-11 06:13:58');
INSERT INTO `messages` (`id`, `from_user_id`, `to_user_id`, `body`, `is_important`, `is_delivered`, `created_at`, `updated_at`) VALUES (16, 16, 16, 'Quia voluptatum numquam laudantium et sunt beatae. Et praesentium ea id qui ex. Et laudantium ratione at neque. Et labore rerum natus exercitationem asperiores.', 0, 0, '1984-05-03 02:23:08', '2003-02-06 20:57:43');
INSERT INTO `messages` (`id`, `from_user_id`, `to_user_id`, `body`, `is_important`, `is_delivered`, `created_at`, `updated_at`) VALUES (17, 17, 17, 'Quod magni aliquam rem occaecati reiciendis ea. Quia illum eaque possimus quo cumque est quo. Aut tenetur quo aut hic dolore possimus tempore. Neque aperiam exercitationem accusantium in quis magni earum in. Molestias ut et dolores id.', 0, 0, '2004-05-26 18:30:19', '2006-09-15 10:43:18');
INSERT INTO `messages` (`id`, `from_user_id`, `to_user_id`, `body`, `is_important`, `is_delivered`, `created_at`, `updated_at`) VALUES (18, 18, 18, 'In sapiente alias mollitia quis eos similique quia. Qui mollitia neque ab ut ullam. Velit et quae autem pariatur. Repellat quae molestias mollitia culpa voluptatem. Consectetur perferendis et quam sequi et in sed.', 1, 1, '2014-01-19 13:58:52', '1976-02-18 06:58:58');
INSERT INTO `messages` (`id`, `from_user_id`, `to_user_id`, `body`, `is_important`, `is_delivered`, `created_at`, `updated_at`) VALUES (19, 19, 19, 'Et omnis laborum totam quae autem et. Ut est et voluptatem ex nihil impedit in porro. Odit cumque et alias.', 1, 0, '2002-06-23 08:43:41', '1980-12-06 16:37:47');
INSERT INTO `messages` (`id`, `from_user_id`, `to_user_id`, `body`, `is_important`, `is_delivered`, `created_at`, `updated_at`) VALUES (20, 20, 20, 'Reiciendis sed voluptatibus iure suscipit et. Quae placeat maiores odio. Itaque et ullam soluta odio. Sit qui accusamus accusantium asperiores numquam molestiae quo.', 1, 1, '2006-11-25 07:05:26', '2012-01-31 12:31:24');
INSERT INTO `messages` (`id`, `from_user_id`, `to_user_id`, `body`, `is_important`, `is_delivered`, `created_at`, `updated_at`) VALUES (21, 21, 21, 'Qui provident laudantium voluptas et. Voluptatem architecto quia nam id aspernatur excepturi. Vero beatae et officiis sed soluta minima.', 0, 1, '2004-12-09 10:29:40', '1980-03-30 20:04:56');
INSERT INTO `messages` (`id`, `from_user_id`, `to_user_id`, `body`, `is_important`, `is_delivered`, `created_at`, `updated_at`) VALUES (22, 22, 22, 'Sit saepe sed qui voluptatibus omnis suscipit est. Modi quo ut perferendis aliquam eos. Corrupti tempore temporibus at.', 0, 0, '2011-11-05 01:09:30', '1991-03-25 17:28:46');
INSERT INTO `messages` (`id`, `from_user_id`, `to_user_id`, `body`, `is_important`, `is_delivered`, `created_at`, `updated_at`) VALUES (23, 23, 23, 'Commodi illum dolor ut eum. Ut quam assumenda maiores consequatur omnis vitae similique. Quisquam doloremque alias quidem alias qui.', 0, 0, '1970-05-07 05:16:39', '1993-02-23 21:34:16');
INSERT INTO `messages` (`id`, `from_user_id`, `to_user_id`, `body`, `is_important`, `is_delivered`, `created_at`, `updated_at`) VALUES (24, 24, 24, 'Culpa iste velit laboriosam laudantium. Nihil dolor impedit minima voluptatem quam aut repellat. Ipsa molestiae nostrum et qui.', 1, 0, '1993-10-23 16:54:42', '1979-02-02 06:56:47');
INSERT INTO `messages` (`id`, `from_user_id`, `to_user_id`, `body`, `is_important`, `is_delivered`, `created_at`, `updated_at`) VALUES (25, 25, 25, 'Omnis in magnam aspernatur corporis accusantium. Necessitatibus omnis esse cum eos repellendus. Molestiae accusamus voluptates cum repellat deserunt.', 0, 0, '2019-10-27 05:59:22', '2009-05-17 06:55:12');
INSERT INTO `messages` (`id`, `from_user_id`, `to_user_id`, `body`, `is_important`, `is_delivered`, `created_at`, `updated_at`) VALUES (26, 26, 26, 'Quia corporis perspiciatis rem nihil et ut est. Ex velit deserunt dolores eum laboriosam. Assumenda odit consectetur aut dolores sit sit.', 0, 0, '1990-12-01 08:58:34', '1971-12-23 02:33:06');
INSERT INTO `messages` (`id`, `from_user_id`, `to_user_id`, `body`, `is_important`, `is_delivered`, `created_at`, `updated_at`) VALUES (27, 27, 27, 'Veniam sint quibusdam temporibus. Minima iste vero culpa cupiditate illo qui. Debitis sint id est cupiditate perferendis. Animi quia expedita fugit asperiores nobis. Commodi hic vero veritatis repudiandae.', 0, 0, '2016-10-10 15:51:31', '2014-05-31 10:01:02');
INSERT INTO `messages` (`id`, `from_user_id`, `to_user_id`, `body`, `is_important`, `is_delivered`, `created_at`, `updated_at`) VALUES (28, 28, 28, 'Quisquam voluptas eius ipsum. Vel dolor quis et inventore ab inventore officiis. Et incidunt suscipit et voluptas recusandae sit ea. Iste modi tenetur consequatur exercitationem non provident.', 0, 1, '1998-10-23 15:55:13', '1981-04-01 14:02:18');
INSERT INTO `messages` (`id`, `from_user_id`, `to_user_id`, `body`, `is_important`, `is_delivered`, `created_at`, `updated_at`) VALUES (29, 29, 29, 'Incidunt praesentium ipsam assumenda vel. Voluptatem nihil laborum iusto laboriosam. Reprehenderit incidunt est repellendus ratione praesentium. Minus iste vitae est deserunt dolor et ratione.', 1, 0, '1971-04-26 11:28:25', '1995-11-13 18:09:54');
INSERT INTO `messages` (`id`, `from_user_id`, `to_user_id`, `body`, `is_important`, `is_delivered`, `created_at`, `updated_at`) VALUES (30, 30, 30, 'Est voluptates reprehenderit et vero. Rerum natus sunt consequatur aut quam quaerat quis. Non est ea in doloribus.', 0, 0, '1985-11-30 18:06:52', '1978-12-08 17:50:47');
INSERT INTO `messages` (`id`, `from_user_id`, `to_user_id`, `body`, `is_important`, `is_delivered`, `created_at`, `updated_at`) VALUES (31, 31, 31, 'Corporis doloribus ut ea sit consequatur corporis omnis. Libero tenetur tempora doloremque fugiat rerum architecto reprehenderit at. Tempora eos eum voluptas nesciunt quibusdam. Quia molestiae tempore doloribus in repellendus quaerat.', 1, 0, '2013-12-31 12:06:40', '1998-04-09 15:27:57');
INSERT INTO `messages` (`id`, `from_user_id`, `to_user_id`, `body`, `is_important`, `is_delivered`, `created_at`, `updated_at`) VALUES (32, 32, 32, 'Est explicabo quia ut voluptatum voluptas autem voluptatem. Tenetur voluptate doloribus accusamus soluta doloribus. Laudantium at dolore voluptatum ducimus nisi omnis sint.', 0, 1, '2021-02-24 16:22:33', '1986-11-21 10:45:01');
INSERT INTO `messages` (`id`, `from_user_id`, `to_user_id`, `body`, `is_important`, `is_delivered`, `created_at`, `updated_at`) VALUES (33, 33, 33, 'Nisi fugit autem laboriosam eos dignissimos maxime rem. Reiciendis labore animi et amet quas officiis doloribus. Est rerum omnis sint pariatur. Impedit error praesentium commodi.', 1, 1, '1999-08-11 17:31:04', '1994-05-28 04:31:36');
INSERT INTO `messages` (`id`, `from_user_id`, `to_user_id`, `body`, `is_important`, `is_delivered`, `created_at`, `updated_at`) VALUES (34, 34, 34, 'Corporis provident et eius. Omnis molestiae consequatur pariatur non iste similique ex. Quia esse porro libero temporibus.', 1, 0, '1971-05-09 00:09:17', '1970-11-24 20:19:52');
INSERT INTO `messages` (`id`, `from_user_id`, `to_user_id`, `body`, `is_important`, `is_delivered`, `created_at`, `updated_at`) VALUES (35, 35, 35, 'Aut dolores eligendi asperiores qui perferendis sit eaque. Optio sed excepturi molestiae quidem. Aut sit error accusamus quo harum.', 1, 1, '2000-12-13 19:30:36', '1987-05-10 18:01:07');
INSERT INTO `messages` (`id`, `from_user_id`, `to_user_id`, `body`, `is_important`, `is_delivered`, `created_at`, `updated_at`) VALUES (36, 36, 36, 'Ut aut quia numquam dolore debitis nisi. Quia quisquam impedit beatae. Ducimus alias animi dolorem a beatae.', 0, 1, '2013-09-28 20:19:00', '1986-10-28 01:23:02');
INSERT INTO `messages` (`id`, `from_user_id`, `to_user_id`, `body`, `is_important`, `is_delivered`, `created_at`, `updated_at`) VALUES (37, 37, 37, 'Consectetur exercitationem blanditiis aut fugiat aut. Hic asperiores id atque aliquid aut nihil. Voluptatem optio blanditiis quo voluptatem id. Repellat aliquam eaque doloremque voluptatem quis labore.', 0, 0, '2014-03-20 10:11:27', '2016-01-28 15:52:44');
INSERT INTO `messages` (`id`, `from_user_id`, `to_user_id`, `body`, `is_important`, `is_delivered`, `created_at`, `updated_at`) VALUES (38, 38, 38, 'Cupiditate aut fuga quas eum et. Quidem incidunt ut unde blanditiis. Sint unde voluptas natus tenetur eos modi quisquam.', 0, 0, '1978-02-26 23:31:08', '1977-11-22 20:03:25');
INSERT INTO `messages` (`id`, `from_user_id`, `to_user_id`, `body`, `is_important`, `is_delivered`, `created_at`, `updated_at`) VALUES (39, 39, 39, 'Quo qui qui in. Dignissimos minima autem sequi nemo eos. Qui perspiciatis quod molestias fugiat quod sit animi.', 1, 0, '1971-01-29 06:10:32', '1992-08-25 13:51:17');
INSERT INTO `messages` (`id`, `from_user_id`, `to_user_id`, `body`, `is_important`, `is_delivered`, `created_at`, `updated_at`) VALUES (40, 40, 40, 'Quod molestias et maxime quas minus molestiae sit. Possimus dolorum et molestias consequatur dolores non commodi minima. Fugit cumque eaque atque. Labore odio molestiae non rerum atque. Laudantium aut ut aut voluptatem aliquid dolor.', 1, 1, '2020-12-13 11:37:59', '2007-03-13 03:17:54');
INSERT INTO `messages` (`id`, `from_user_id`, `to_user_id`, `body`, `is_important`, `is_delivered`, `created_at`, `updated_at`) VALUES (41, 41, 41, 'Sint doloribus recusandae minus quia harum voluptas. Quis enim rerum libero saepe inventore velit vel. Molestiae voluptatibus velit vel officiis quia.', 1, 0, '1982-12-09 08:57:41', '1998-02-03 16:41:16');
INSERT INTO `messages` (`id`, `from_user_id`, `to_user_id`, `body`, `is_important`, `is_delivered`, `created_at`, `updated_at`) VALUES (42, 42, 42, 'Impedit molestiae cum sequi. Totam pariatur assumenda sint aut dolorem dolorem. Ipsa sit impedit libero facere. Aliquid vel eum id rerum.', 0, 0, '2008-05-16 07:03:51', '1974-02-16 20:02:52');
INSERT INTO `messages` (`id`, `from_user_id`, `to_user_id`, `body`, `is_important`, `is_delivered`, `created_at`, `updated_at`) VALUES (43, 43, 43, 'Ratione assumenda porro labore quis ea ex voluptatum. Et est consectetur aliquid. Rerum rerum enim enim dolor et.', 0, 0, '1994-04-02 01:22:52', '1999-08-10 19:27:55');
INSERT INTO `messages` (`id`, `from_user_id`, `to_user_id`, `body`, `is_important`, `is_delivered`, `created_at`, `updated_at`) VALUES (44, 44, 44, 'Tempore consequuntur voluptatem cupiditate ea sint qui quam. Eius in a recusandae ipsa nemo. Sed quia sint sit aliquid est occaecati earum.', 1, 1, '1983-01-12 21:36:39', '1989-11-19 18:27:39');
INSERT INTO `messages` (`id`, `from_user_id`, `to_user_id`, `body`, `is_important`, `is_delivered`, `created_at`, `updated_at`) VALUES (45, 45, 45, 'Dolores mollitia dolor sit nulla sequi vel. Reiciendis sed et aut asperiores in. Possimus consectetur ipsum itaque laboriosam in repellat.', 0, 0, '2010-11-17 21:44:05', '2009-07-13 17:53:41');
INSERT INTO `messages` (`id`, `from_user_id`, `to_user_id`, `body`, `is_important`, `is_delivered`, `created_at`, `updated_at`) VALUES (46, 46, 46, 'Et repudiandae autem occaecati ab. Suscipit possimus fugiat error aut. Voluptatem ullam incidunt blanditiis totam et. Ex magnam natus aut quam tempore.', 0, 1, '1973-11-17 21:31:27', '2005-08-05 03:49:59');
INSERT INTO `messages` (`id`, `from_user_id`, `to_user_id`, `body`, `is_important`, `is_delivered`, `created_at`, `updated_at`) VALUES (47, 47, 47, 'Eligendi facilis ipsum illum facilis veniam ipsa quidem voluptate. Omnis nesciunt beatae deleniti mollitia delectus. Maxime pariatur ad et. Delectus quae necessitatibus eum sed cumque omnis temporibus.', 1, 0, '2019-11-19 00:47:14', '1977-05-15 20:25:38');
INSERT INTO `messages` (`id`, `from_user_id`, `to_user_id`, `body`, `is_important`, `is_delivered`, `created_at`, `updated_at`) VALUES (48, 48, 48, 'Quo illum natus et quo tempore. Ab eius perferendis fuga ut sequi dolorem. Quidem ipsum fuga repudiandae soluta magnam eaque. Expedita quasi et consectetur ut quasi veritatis mollitia.', 1, 1, '2007-11-23 14:21:30', '2011-05-17 15:02:58');
INSERT INTO `messages` (`id`, `from_user_id`, `to_user_id`, `body`, `is_important`, `is_delivered`, `created_at`, `updated_at`) VALUES (49, 49, 49, 'Omnis deleniti nihil commodi omnis ut. Quidem nesciunt et accusantium atque. Sit et aut sed molestiae ea nesciunt. Perspiciatis harum et molestiae atque.', 0, 1, '1994-10-17 11:34:07', '2018-06-24 14:57:29');
INSERT INTO `messages` (`id`, `from_user_id`, `to_user_id`, `body`, `is_important`, `is_delivered`, `created_at`, `updated_at`) VALUES (50, 50, 50, 'Enim soluta sed consequuntur accusamus aliquam nam perspiciatis. Animi officiis nihil quibusdam. Libero qui eum non facere maiores totam sed. Et similique animi dolore ipsam.', 0, 0, '1994-12-25 14:03:29', '1978-01-23 10:33:31');
INSERT INTO `messages` (`id`, `from_user_id`, `to_user_id`, `body`, `is_important`, `is_delivered`, `created_at`, `updated_at`) VALUES (51, 51, 51, 'Commodi aut est enim ratione nisi. Voluptas aut dolore saepe saepe dicta consequatur.', 1, 1, '1989-11-14 09:01:33', '1972-08-15 09:40:02');
INSERT INTO `messages` (`id`, `from_user_id`, `to_user_id`, `body`, `is_important`, `is_delivered`, `created_at`, `updated_at`) VALUES (52, 52, 52, 'Illum quaerat in eum et est voluptates. Sit cupiditate architecto reiciendis. Nobis laborum deleniti voluptatem et minus.', 0, 1, '1995-06-18 17:27:02', '1974-04-14 03:11:39');
INSERT INTO `messages` (`id`, `from_user_id`, `to_user_id`, `body`, `is_important`, `is_delivered`, `created_at`, `updated_at`) VALUES (53, 53, 53, 'Veritatis ab ad a eaque vel vitae. Nam ut itaque explicabo officiis. Blanditiis et voluptate repellat quia ipsum.', 0, 1, '1986-08-08 22:20:26', '1976-04-02 10:46:48');
INSERT INTO `messages` (`id`, `from_user_id`, `to_user_id`, `body`, `is_important`, `is_delivered`, `created_at`, `updated_at`) VALUES (54, 54, 54, 'Nulla non officia natus dolore delectus aliquam est. Voluptates at ratione voluptatem ducimus at deleniti. Natus ex recusandae vero nihil ut.', 0, 0, '2011-07-29 04:43:24', '1974-08-09 22:50:49');
INSERT INTO `messages` (`id`, `from_user_id`, `to_user_id`, `body`, `is_important`, `is_delivered`, `created_at`, `updated_at`) VALUES (55, 55, 55, 'Provident placeat totam quia. Quis eos voluptas vero aut laboriosam consequatur. Odio dolorem voluptatum consequatur voluptate sed velit. Voluptatem sapiente praesentium tempora consectetur debitis enim.', 1, 1, '1989-03-21 14:05:55', '1988-05-02 09:42:23');
INSERT INTO `messages` (`id`, `from_user_id`, `to_user_id`, `body`, `is_important`, `is_delivered`, `created_at`, `updated_at`) VALUES (56, 56, 56, 'Ut odit qui voluptatem ad dolor nostrum assumenda. Quam dicta deserunt corrupti molestiae officia maxime accusantium. Provident architecto blanditiis eveniet deleniti magni ea.', 0, 0, '1975-07-31 10:10:12', '1978-07-19 12:47:20');
INSERT INTO `messages` (`id`, `from_user_id`, `to_user_id`, `body`, `is_important`, `is_delivered`, `created_at`, `updated_at`) VALUES (57, 57, 57, 'Quod qui nesciunt distinctio in recusandae alias. Recusandae a delectus maiores quod sapiente eum. Rerum iure nostrum voluptatem officia omnis. Quas aut non recusandae distinctio commodi velit inventore aut.', 0, 0, '2001-03-22 00:53:31', '2004-05-04 17:33:26');
INSERT INTO `messages` (`id`, `from_user_id`, `to_user_id`, `body`, `is_important`, `is_delivered`, `created_at`, `updated_at`) VALUES (58, 58, 58, 'Qui quia ex ipsam alias voluptates omnis. Officia nemo sit tenetur ullam quia iure qui. Ut assumenda eius quis. Tempore praesentium dolore non ipsum perferendis quasi ut.', 0, 1, '1970-11-21 06:33:20', '1990-09-04 01:07:12');
INSERT INTO `messages` (`id`, `from_user_id`, `to_user_id`, `body`, `is_important`, `is_delivered`, `created_at`, `updated_at`) VALUES (59, 59, 59, 'Cumque ducimus deleniti reprehenderit optio fuga numquam nobis excepturi. Iste aperiam eveniet culpa et repudiandae quia sint. Sed enim vitae occaecati officia. A et ipsa ea quae quae quas omnis dolores.', 1, 1, '1974-03-06 10:11:30', '2014-10-14 22:16:01');
INSERT INTO `messages` (`id`, `from_user_id`, `to_user_id`, `body`, `is_important`, `is_delivered`, `created_at`, `updated_at`) VALUES (60, 60, 60, 'Voluptatem saepe rerum temporibus animi atque ea excepturi. Rerum quas id a. Molestias possimus rerum quam tenetur minus. Architecto eaque magni qui numquam.', 0, 1, '2009-03-26 00:14:52', '1999-10-01 23:45:04');
INSERT INTO `messages` (`id`, `from_user_id`, `to_user_id`, `body`, `is_important`, `is_delivered`, `created_at`, `updated_at`) VALUES (61, 61, 61, 'Qui quos reiciendis nemo maiores minima iste et cum. Beatae neque occaecati est harum. Voluptatum velit expedita rerum voluptas. Exercitationem accusantium commodi nisi quia.', 0, 1, '2010-03-14 06:17:37', '2001-07-21 03:24:41');
INSERT INTO `messages` (`id`, `from_user_id`, `to_user_id`, `body`, `is_important`, `is_delivered`, `created_at`, `updated_at`) VALUES (62, 62, 62, 'Cupiditate in aliquid accusamus ut est doloribus facilis. Molestiae et molestiae veniam voluptatem nobis et iusto. Nulla et omnis alias.', 1, 1, '2002-07-17 14:37:22', '2012-10-02 16:23:59');
INSERT INTO `messages` (`id`, `from_user_id`, `to_user_id`, `body`, `is_important`, `is_delivered`, `created_at`, `updated_at`) VALUES (63, 63, 63, 'Doloremque magnam qui est. Id voluptatem ut aliquid ut earum enim architecto. Perspiciatis praesentium quisquam qui aut deleniti eaque reprehenderit non.', 0, 1, '1990-08-28 03:02:21', '2001-08-09 02:08:24');
INSERT INTO `messages` (`id`, `from_user_id`, `to_user_id`, `body`, `is_important`, `is_delivered`, `created_at`, `updated_at`) VALUES (64, 64, 64, 'Iste alias quos quas voluptatibus velit. Corrupti enim officiis velit adipisci quaerat dolores in.', 1, 1, '2020-09-23 10:10:36', '1981-05-20 14:24:46');
INSERT INTO `messages` (`id`, `from_user_id`, `to_user_id`, `body`, `is_important`, `is_delivered`, `created_at`, `updated_at`) VALUES (65, 65, 65, 'Quo ipsum adipisci iusto dicta. Quas quia quia inventore quidem repudiandae. Fugit veritatis doloribus eveniet sunt ut. Qui nihil nobis magnam placeat ratione.', 1, 0, '2009-02-06 21:15:40', '1984-01-03 15:45:01');
INSERT INTO `messages` (`id`, `from_user_id`, `to_user_id`, `body`, `is_important`, `is_delivered`, `created_at`, `updated_at`) VALUES (66, 66, 66, 'Quia eum facere tempora occaecati. Architecto omnis molestias dolorum iure aut consequatur magnam. Est et harum explicabo inventore.', 1, 0, '1977-09-17 18:44:07', '2012-01-16 11:49:32');
INSERT INTO `messages` (`id`, `from_user_id`, `to_user_id`, `body`, `is_important`, `is_delivered`, `created_at`, `updated_at`) VALUES (67, 67, 67, 'Ipsam adipisci et nobis soluta. Provident et quo consequuntur illo cum. Magni qui omnis qui excepturi ratione voluptatem totam.', 1, 1, '2021-01-02 00:59:20', '1975-02-15 08:03:00');
INSERT INTO `messages` (`id`, `from_user_id`, `to_user_id`, `body`, `is_important`, `is_delivered`, `created_at`, `updated_at`) VALUES (68, 68, 68, 'Reprehenderit a assumenda nesciunt veniam ut laudantium. Sed et corporis et aut id sunt eveniet. Consequatur quia a sed perferendis et harum.', 0, 0, '2004-01-23 19:03:18', '2013-09-19 17:19:15');
INSERT INTO `messages` (`id`, `from_user_id`, `to_user_id`, `body`, `is_important`, `is_delivered`, `created_at`, `updated_at`) VALUES (69, 69, 69, 'Quia harum eius dolor quam itaque voluptatum ratione. Consequatur et exercitationem ab animi autem. Qui ducimus sit et consequatur et dignissimos dolorum. Dolor non qui atque voluptatem voluptate.', 1, 1, '2010-01-27 04:21:28', '2020-05-22 08:02:03');
INSERT INTO `messages` (`id`, `from_user_id`, `to_user_id`, `body`, `is_important`, `is_delivered`, `created_at`, `updated_at`) VALUES (70, 70, 70, 'Repudiandae ab voluptate maxime non. Quia quidem reiciendis omnis dolor qui qui. Et dolore est et maxime repudiandae. Non harum repellat autem omnis aperiam ut praesentium.', 1, 0, '2007-06-16 11:14:03', '2014-12-26 02:14:37');
INSERT INTO `messages` (`id`, `from_user_id`, `to_user_id`, `body`, `is_important`, `is_delivered`, `created_at`, `updated_at`) VALUES (71, 71, 71, 'Culpa est velit in enim qui. Odio praesentium blanditiis quia rerum unde tenetur. Unde qui facilis qui repellat enim suscipit omnis animi. Omnis cupiditate maxime vitae occaecati id.', 1, 0, '1991-10-04 23:31:09', '2015-05-03 16:09:42');
INSERT INTO `messages` (`id`, `from_user_id`, `to_user_id`, `body`, `is_important`, `is_delivered`, `created_at`, `updated_at`) VALUES (72, 72, 72, 'Praesentium sed veritatis voluptas et. Ad omnis et dignissimos. Vel sed odio magni earum temporibus quod. Deleniti possimus est enim natus maiores non dolor.', 1, 0, '1976-12-11 22:27:09', '2007-10-23 18:13:12');
INSERT INTO `messages` (`id`, `from_user_id`, `to_user_id`, `body`, `is_important`, `is_delivered`, `created_at`, `updated_at`) VALUES (73, 73, 73, 'Libero quod labore eos ut at alias. Et at quae doloremque non ratione necessitatibus temporibus. Sed expedita quidem reprehenderit dolor repellat atque nam.', 0, 0, '1996-08-28 02:40:26', '1971-07-21 12:25:48');
INSERT INTO `messages` (`id`, `from_user_id`, `to_user_id`, `body`, `is_important`, `is_delivered`, `created_at`, `updated_at`) VALUES (74, 74, 74, 'Exercitationem optio nisi nobis iste temporibus sint pariatur. Nam ut aut nesciunt laudantium illo dolor hic excepturi. Rerum molestiae minus libero eius minima delectus illo. Doloremque quo nam voluptatibus nihil distinctio porro neque ut.', 0, 1, '2015-06-23 19:37:15', '2014-07-31 14:43:00');
INSERT INTO `messages` (`id`, `from_user_id`, `to_user_id`, `body`, `is_important`, `is_delivered`, `created_at`, `updated_at`) VALUES (75, 75, 75, 'Harum sit natus quam blanditiis cum vel doloribus qui. Officia ratione cupiditate tempora fugiat. Ab ipsa et qui et similique voluptatem ut.', 1, 1, '2020-01-27 15:36:34', '1989-08-08 04:23:01');
INSERT INTO `messages` (`id`, `from_user_id`, `to_user_id`, `body`, `is_important`, `is_delivered`, `created_at`, `updated_at`) VALUES (76, 76, 76, 'Ea et reiciendis similique aut. Itaque temporibus quia error nobis nobis quo eveniet. Facilis ut ad labore aut quo culpa omnis culpa.', 1, 0, '1991-12-19 23:50:35', '2017-11-20 07:44:03');
INSERT INTO `messages` (`id`, `from_user_id`, `to_user_id`, `body`, `is_important`, `is_delivered`, `created_at`, `updated_at`) VALUES (77, 77, 77, 'Nulla ab sint voluptatem consequuntur et dolores veritatis. Qui veniam nihil esse labore suscipit. Incidunt commodi perferendis neque ut. Nostrum maxime esse enim pariatur aut.', 1, 0, '2011-06-14 18:04:28', '1993-05-17 11:09:15');
INSERT INTO `messages` (`id`, `from_user_id`, `to_user_id`, `body`, `is_important`, `is_delivered`, `created_at`, `updated_at`) VALUES (78, 78, 78, 'Esse eum nisi officia recusandae nisi et. Earum vitae enim numquam quia dolores dolores sequi. Ea voluptatem aut aut quae consequatur eum id. Ipsam totam tenetur delectus maiores. Perspiciatis et eum dolores aut molestias nam.', 0, 0, '1970-08-08 03:37:51', '1996-01-14 09:18:38');
INSERT INTO `messages` (`id`, `from_user_id`, `to_user_id`, `body`, `is_important`, `is_delivered`, `created_at`, `updated_at`) VALUES (79, 79, 79, 'Repudiandae eum officiis doloremque facere quam. Deserunt perspiciatis dicta esse inventore nobis. Molestias nemo minus voluptas molestiae est quod aliquam.', 1, 0, '1980-01-03 16:32:43', '2020-08-17 05:50:10');
INSERT INTO `messages` (`id`, `from_user_id`, `to_user_id`, `body`, `is_important`, `is_delivered`, `created_at`, `updated_at`) VALUES (80, 80, 80, 'Eum non velit porro blanditiis vitae reiciendis facere. Dolorem et rem soluta fugit. Provident hic voluptatum consectetur quod beatae et eos.', 0, 1, '2001-10-08 09:49:36', '1996-01-16 13:49:17');
INSERT INTO `messages` (`id`, `from_user_id`, `to_user_id`, `body`, `is_important`, `is_delivered`, `created_at`, `updated_at`) VALUES (81, 81, 81, 'Ea eum quis ex vero sed odit. Asperiores perferendis sunt facere amet ratione laudantium ut. Ea quo accusantium fugiat accusamus. Aut saepe repellendus possimus aperiam. Veritatis enim autem amet maxime libero tempora.', 0, 0, '1982-09-05 17:37:34', '1999-02-06 19:51:37');
INSERT INTO `messages` (`id`, `from_user_id`, `to_user_id`, `body`, `is_important`, `is_delivered`, `created_at`, `updated_at`) VALUES (82, 82, 82, 'Voluptate et similique animi est quis ipsa occaecati. Sed est earum praesentium quae. Nobis nisi similique fugit maiores dolores autem atque. Eveniet ducimus culpa expedita.', 1, 1, '2005-01-11 08:42:58', '2016-09-16 10:09:20');
INSERT INTO `messages` (`id`, `from_user_id`, `to_user_id`, `body`, `is_important`, `is_delivered`, `created_at`, `updated_at`) VALUES (83, 83, 83, 'Officia quod suscipit occaecati autem incidunt rerum aliquid. Ducimus nemo tempore ut sit harum. Minima aut consequatur voluptatum rerum assumenda. Id repellendus dolor sed reiciendis.', 0, 0, '1998-10-09 15:29:00', '1971-06-10 00:06:52');
INSERT INTO `messages` (`id`, `from_user_id`, `to_user_id`, `body`, `is_important`, `is_delivered`, `created_at`, `updated_at`) VALUES (84, 84, 84, 'Illum quam quia corporis delectus eum cupiditate. In nisi nisi rerum voluptatem voluptatum aut dolore odit. Voluptates est nemo similique dolores officiis.', 0, 0, '1989-04-27 09:49:27', '1995-02-13 18:20:53');
INSERT INTO `messages` (`id`, `from_user_id`, `to_user_id`, `body`, `is_important`, `is_delivered`, `created_at`, `updated_at`) VALUES (85, 85, 85, 'Animi quo sit aut nemo et delectus esse. Ab magnam voluptates harum quidem laboriosam dolorum nulla. Ipsum facere est quas provident ab corrupti ex. Maxime adipisci quia porro aspernatur est et.', 0, 1, '1994-06-19 01:01:35', '2012-07-10 14:28:46');
INSERT INTO `messages` (`id`, `from_user_id`, `to_user_id`, `body`, `is_important`, `is_delivered`, `created_at`, `updated_at`) VALUES (86, 86, 86, 'Dolorem et error autem illo autem reprehenderit voluptatem. Est velit delectus minima natus qui aperiam iure accusamus. Velit accusamus ducimus sed aut autem ut sit.', 1, 0, '1978-11-22 20:39:05', '1976-10-04 23:14:41');
INSERT INTO `messages` (`id`, `from_user_id`, `to_user_id`, `body`, `is_important`, `is_delivered`, `created_at`, `updated_at`) VALUES (87, 87, 87, 'Quas sit tempora quibusdam. Qui nobis facere enim ipsum reiciendis eos et. Minima iusto libero eos omnis. Laborum non praesentium asperiores molestiae.', 1, 0, '2018-08-17 20:27:35', '1982-02-23 23:43:35');
INSERT INTO `messages` (`id`, `from_user_id`, `to_user_id`, `body`, `is_important`, `is_delivered`, `created_at`, `updated_at`) VALUES (88, 88, 88, 'Cumque est qui ea maxime cum. Natus necessitatibus quam in deleniti ad et. Cum eos consectetur laborum et voluptatibus consequatur.', 0, 1, '1998-02-02 08:15:05', '1976-01-05 14:04:02');
INSERT INTO `messages` (`id`, `from_user_id`, `to_user_id`, `body`, `is_important`, `is_delivered`, `created_at`, `updated_at`) VALUES (89, 89, 89, 'Ea ea eaque non est nobis architecto. Modi eligendi odit voluptas officiis nesciunt at eaque. Sint pariatur veritatis qui beatae. Illum debitis rerum id et non.', 0, 0, '2004-10-05 19:23:25', '1979-10-05 16:51:47');
INSERT INTO `messages` (`id`, `from_user_id`, `to_user_id`, `body`, `is_important`, `is_delivered`, `created_at`, `updated_at`) VALUES (90, 90, 90, 'Quas fugiat ut fugiat quibusdam quia labore sequi. Neque est voluptatem velit porro et consequatur. Fugiat ducimus voluptas non dolores ducimus. Vel ea animi adipisci.', 0, 0, '1992-11-20 14:18:27', '1988-11-29 12:39:47');
INSERT INTO `messages` (`id`, `from_user_id`, `to_user_id`, `body`, `is_important`, `is_delivered`, `created_at`, `updated_at`) VALUES (91, 91, 91, 'Facere laborum enim quasi error ab a eveniet minus. Consequuntur dolore dolor non perferendis ab consequatur. Molestias explicabo aperiam nostrum voluptas ea quasi.', 1, 1, '1975-04-14 02:33:42', '2012-03-20 05:12:03');
INSERT INTO `messages` (`id`, `from_user_id`, `to_user_id`, `body`, `is_important`, `is_delivered`, `created_at`, `updated_at`) VALUES (92, 92, 92, 'Blanditiis nam nostrum est voluptas. Est sunt optio fuga voluptatibus dolorem possimus natus. Est unde saepe ipsum velit quisquam nihil.', 1, 1, '2006-03-11 19:12:25', '1975-07-26 00:12:17');
INSERT INTO `messages` (`id`, `from_user_id`, `to_user_id`, `body`, `is_important`, `is_delivered`, `created_at`, `updated_at`) VALUES (93, 93, 93, 'Magni quo totam dolore quo neque. Nesciunt corporis exercitationem reprehenderit ut. Ipsam tenetur aspernatur vero ut.', 1, 1, '2016-03-28 08:29:23', '2009-05-29 08:15:16');
INSERT INTO `messages` (`id`, `from_user_id`, `to_user_id`, `body`, `is_important`, `is_delivered`, `created_at`, `updated_at`) VALUES (94, 94, 94, 'Dolores et corporis quod commodi rerum quae ut. Dolor enim exercitationem deleniti unde maiores omnis. Ea quod veritatis sapiente hic blanditiis ut sequi. Occaecati vel ut sit enim. Saepe voluptatibus autem doloribus nobis.', 1, 1, '2006-09-30 17:21:48', '1987-06-18 20:13:40');
INSERT INTO `messages` (`id`, `from_user_id`, `to_user_id`, `body`, `is_important`, `is_delivered`, `created_at`, `updated_at`) VALUES (95, 95, 95, 'Totam et iure ea voluptatum et voluptate dolores. Est exercitationem sit soluta possimus sit. Qui eius cupiditate illo voluptatem consequatur nisi. Facilis modi ea ea rerum mollitia consectetur.', 1, 0, '1995-11-21 07:02:35', '2019-01-29 07:10:24');
INSERT INTO `messages` (`id`, `from_user_id`, `to_user_id`, `body`, `is_important`, `is_delivered`, `created_at`, `updated_at`) VALUES (96, 96, 96, 'Facere veniam aut quidem sed. Illo adipisci voluptatibus excepturi officia sunt.', 1, 0, '1982-02-03 16:15:22', '1995-06-24 11:55:09');
INSERT INTO `messages` (`id`, `from_user_id`, `to_user_id`, `body`, `is_important`, `is_delivered`, `created_at`, `updated_at`) VALUES (97, 97, 97, 'Aliquam facilis molestiae mollitia harum quasi. Facilis voluptatem aliquid sapiente labore aliquid quod. Aliquam quo explicabo consequatur rem. Explicabo recusandae dignissimos qui voluptatibus autem quasi.', 0, 1, '2015-06-16 06:20:00', '1973-05-29 19:30:12');
INSERT INTO `messages` (`id`, `from_user_id`, `to_user_id`, `body`, `is_important`, `is_delivered`, `created_at`, `updated_at`) VALUES (98, 98, 98, 'Possimus eaque sequi eum saepe quia molestiae. Repudiandae dolore ex nihil. Modi quod voluptas labore illo. Omnis impedit vero iusto aut iure vitae dignissimos. Vel et eligendi nemo voluptas ut.', 1, 1, '1984-02-21 20:56:31', '2010-03-30 03:35:58');
INSERT INTO `messages` (`id`, `from_user_id`, `to_user_id`, `body`, `is_important`, `is_delivered`, `created_at`, `updated_at`) VALUES (99, 99, 99, 'Sint molestiae iste placeat molestias enim est sit. Qui perspiciatis iusto eligendi debitis harum. Consequatur omnis qui pariatur ullam et. Sequi optio ut unde dolorum.', 1, 1, '1972-03-28 07:32:54', '2013-08-30 18:21:01');
INSERT INTO `messages` (`id`, `from_user_id`, `to_user_id`, `body`, `is_important`, `is_delivered`, `created_at`, `updated_at`) VALUES (100, 100, 100, 'Quas voluptas qui culpa dicta explicabo in. Repudiandae omnis neque dolorem dolorem velit quaerat. Totam rem ut eligendi labore rerum.', 1, 0, '1994-12-31 21:01:50', '1981-01-13 20:28:26');


#
# TABLE STRUCTURE FOR: profiles
#

DROP TABLE IF EXISTS `profiles`;

CREATE TABLE `profiles` (
  `user_id` int(10) unsigned NOT NULL COMMENT 'Идентификатор строки',
  `city` varchar(100) COLLATE utf8mb4_unicode_ci DEFAULT NULL COMMENT 'Город проживания',
  `country` varchar(100) COLLATE utf8mb4_unicode_ci DEFAULT NULL COMMENT 'Старана проживания',
  `status` enum('Online','Offline','Inactive') COLLATE utf8mb4_unicode_ci NOT NULL,
  `created_at` datetime DEFAULT current_timestamp() COMMENT 'Дата и время создания строки',
  `updated_at` datetime DEFAULT current_timestamp() COMMENT 'Дата и время обновленния строки',
  PRIMARY KEY (`user_id`)
) ENGINE=InnoDB DEFAULT CHARSET=utf8mb4 COLLATE=utf8mb4_unicode_ci;

INSERT INTO `profiles` (`user_id`, `city`, `country`, `status`, `created_at`, `updated_at`) VALUES (1, 'West Abbyville', '430791476', 'Offline', '2008-09-21 19:24:32', '2009-02-26 15:17:01');
INSERT INTO `profiles` (`user_id`, `city`, `country`, `status`, `created_at`, `updated_at`) VALUES (2, 'Feeneymouth', '38090', 'Online', '1990-07-27 19:45:10', '1984-04-10 19:27:33');
INSERT INTO `profiles` (`user_id`, `city`, `country`, `status`, `created_at`, `updated_at`) VALUES (3, 'Franeckiside', '737601233', 'Offline', '2007-03-09 15:53:04', '1976-04-16 23:28:43');
INSERT INTO `profiles` (`user_id`, `city`, `country`, `status`, `created_at`, `updated_at`) VALUES (4, 'North Verlieborough', '4', 'Offline', '2019-01-27 20:16:26', '1980-01-16 16:26:07');
INSERT INTO `profiles` (`user_id`, `city`, `country`, `status`, `created_at`, `updated_at`) VALUES (5, 'Idafurt', '4', 'Offline', '1991-05-11 20:02:01', '1983-06-14 09:33:38');
INSERT INTO `profiles` (`user_id`, `city`, `country`, `status`, `created_at`, `updated_at`) VALUES (6, 'Elizaburgh', '5318', 'Inactive', '1989-09-10 18:53:44', '1972-12-20 04:45:22');
INSERT INTO `profiles` (`user_id`, `city`, `country`, `status`, `created_at`, `updated_at`) VALUES (7, 'South Jackelinetown', '', 'Inactive', '1988-12-24 18:36:53', '1971-11-17 12:38:56');
INSERT INTO `profiles` (`user_id`, `city`, `country`, `status`, `created_at`, `updated_at`) VALUES (8, 'Ernserton', '18922', 'Inactive', '1994-04-09 06:56:32', '2021-09-18 16:27:30');
INSERT INTO `profiles` (`user_id`, `city`, `country`, `status`, `created_at`, `updated_at`) VALUES (9, 'Eloisaburgh', '55269064', 'Offline', '1984-03-17 03:48:51', '2003-05-18 04:31:55');
INSERT INTO `profiles` (`user_id`, `city`, `country`, `status`, `created_at`, `updated_at`) VALUES (10, 'New Moses', '69279454', 'Inactive', '2012-10-10 03:56:23', '2000-08-24 16:03:27');
INSERT INTO `profiles` (`user_id`, `city`, `country`, `status`, `created_at`, `updated_at`) VALUES (11, 'Emmerichborough', '4550', 'Inactive', '1976-06-11 09:33:26', '2013-01-08 15:33:31');
INSERT INTO `profiles` (`user_id`, `city`, `country`, `status`, `created_at`, `updated_at`) VALUES (12, 'Theresiaburgh', '', 'Online', '1996-01-30 04:04:52', '1982-12-21 07:29:43');
INSERT INTO `profiles` (`user_id`, `city`, `country`, `status`, `created_at`, `updated_at`) VALUES (13, 'Lynchhaven', '81', 'Inactive', '1989-07-29 20:50:37', '1991-05-04 23:47:56');
INSERT INTO `profiles` (`user_id`, `city`, `country`, `status`, `created_at`, `updated_at`) VALUES (14, 'Brielleberg', '11774', 'Offline', '2000-04-25 23:05:50', '1974-11-19 07:53:23');
INSERT INTO `profiles` (`user_id`, `city`, `country`, `status`, `created_at`, `updated_at`) VALUES (15, 'South Arturoside', '451', 'Online', '1973-03-19 12:56:41', '1974-01-10 11:33:57');
INSERT INTO `profiles` (`user_id`, `city`, `country`, `status`, `created_at`, `updated_at`) VALUES (16, 'New Carloberg', '88', 'Inactive', '2020-06-01 12:58:03', '1998-06-17 10:25:50');
INSERT INTO `profiles` (`user_id`, `city`, `country`, `status`, `created_at`, `updated_at`) VALUES (17, 'Borerfort', '4962', 'Offline', '2014-09-28 17:26:19', '2001-03-07 02:02:33');
INSERT INTO `profiles` (`user_id`, `city`, `country`, `status`, `created_at`, `updated_at`) VALUES (18, 'Kingchester', '', 'Offline', '1996-06-22 00:23:35', '1987-10-28 03:40:11');
INSERT INTO `profiles` (`user_id`, `city`, `country`, `status`, `created_at`, `updated_at`) VALUES (19, 'Cordieborough', '87208', 'Offline', '1971-02-19 14:27:13', '1976-03-12 16:01:30');
INSERT INTO `profiles` (`user_id`, `city`, `country`, `status`, `created_at`, `updated_at`) VALUES (20, 'South Hulda', '380409123', 'Inactive', '2021-01-16 09:57:04', '2002-01-25 07:33:14');
INSERT INTO `profiles` (`user_id`, `city`, `country`, `status`, `created_at`, `updated_at`) VALUES (21, 'West Harmonymouth', '', 'Offline', '1974-02-21 12:19:25', '1971-02-01 00:57:32');
INSERT INTO `profiles` (`user_id`, `city`, `country`, `status`, `created_at`, `updated_at`) VALUES (22, 'Gloriaport', '949', 'Inactive', '2005-02-09 18:03:34', '2002-06-18 18:29:49');
INSERT INTO `profiles` (`user_id`, `city`, `country`, `status`, `created_at`, `updated_at`) VALUES (23, 'Boganfort', '59306', 'Online', '2013-03-30 22:31:38', '1981-09-23 13:21:42');
INSERT INTO `profiles` (`user_id`, `city`, `country`, `status`, `created_at`, `updated_at`) VALUES (24, 'Lindsayside', '190852497', 'Offline', '1999-01-05 21:19:06', '2018-12-06 21:08:34');
INSERT INTO `profiles` (`user_id`, `city`, `country`, `status`, `created_at`, `updated_at`) VALUES (25, 'Hesselberg', '656456883', 'Inactive', '1978-02-08 22:40:11', '1989-02-02 00:12:38');
INSERT INTO `profiles` (`user_id`, `city`, `country`, `status`, `created_at`, `updated_at`) VALUES (26, 'New Abelport', '71748884', 'Offline', '2015-03-10 16:21:51', '2016-07-19 14:07:44');
INSERT INTO `profiles` (`user_id`, `city`, `country`, `status`, `created_at`, `updated_at`) VALUES (27, 'Kutchshire', '3', 'Inactive', '2004-11-21 20:59:53', '2016-02-01 17:44:58');
INSERT INTO `profiles` (`user_id`, `city`, `country`, `status`, `created_at`, `updated_at`) VALUES (28, 'Greenton', '73', 'Offline', '2011-08-17 18:51:10', '1971-08-08 22:47:05');
INSERT INTO `profiles` (`user_id`, `city`, `country`, `status`, `created_at`, `updated_at`) VALUES (29, 'West Jannie', '12375', 'Online', '1995-09-24 20:57:36', '1987-05-01 13:38:16');
INSERT INTO `profiles` (`user_id`, `city`, `country`, `status`, `created_at`, `updated_at`) VALUES (30, 'Jacobistad', '97489', 'Offline', '1985-04-06 16:44:07', '1980-08-29 18:59:18');
INSERT INTO `profiles` (`user_id`, `city`, `country`, `status`, `created_at`, `updated_at`) VALUES (31, 'Kingmouth', '5051846', 'Online', '2012-06-18 01:32:39', '2019-03-23 18:48:59');
INSERT INTO `profiles` (`user_id`, `city`, `country`, `status`, `created_at`, `updated_at`) VALUES (32, 'Blandamouth', '720638', 'Online', '2015-10-06 15:45:16', '2007-07-11 22:21:39');
INSERT INTO `profiles` (`user_id`, `city`, `country`, `status`, `created_at`, `updated_at`) VALUES (33, 'Cullenfort', '88849933', 'Offline', '2015-06-19 04:54:25', '2005-11-24 04:15:26');
INSERT INTO `profiles` (`user_id`, `city`, `country`, `status`, `created_at`, `updated_at`) VALUES (34, 'West Lancefort', '8950489', 'Online', '1999-05-17 17:12:53', '2004-06-12 03:24:39');
INSERT INTO `profiles` (`user_id`, `city`, `country`, `status`, `created_at`, `updated_at`) VALUES (35, 'Binsview', '68613331', 'Online', '1979-09-02 19:19:31', '2015-11-20 15:51:35');
INSERT INTO `profiles` (`user_id`, `city`, `country`, `status`, `created_at`, `updated_at`) VALUES (36, 'Lourdesbury', '495001653', 'Inactive', '1971-10-23 00:22:05', '1990-01-20 10:37:55');
INSERT INTO `profiles` (`user_id`, `city`, `country`, `status`, `created_at`, `updated_at`) VALUES (37, 'Lubowitzville', '2151462', 'Online', '2011-09-13 10:27:19', '1997-11-02 11:53:38');
INSERT INTO `profiles` (`user_id`, `city`, `country`, `status`, `created_at`, `updated_at`) VALUES (38, 'West Vickieland', '', 'Online', '1994-03-09 23:14:52', '2011-09-17 18:54:53');
INSERT INTO `profiles` (`user_id`, `city`, `country`, `status`, `created_at`, `updated_at`) VALUES (39, 'Darionfurt', '92828867', 'Inactive', '1988-09-20 21:07:17', '2011-11-06 10:34:38');
INSERT INTO `profiles` (`user_id`, `city`, `country`, `status`, `created_at`, `updated_at`) VALUES (40, 'Rozellafurt', '', 'Inactive', '2007-11-23 05:04:11', '1984-12-28 06:40:18');
INSERT INTO `profiles` (`user_id`, `city`, `country`, `status`, `created_at`, `updated_at`) VALUES (41, 'Efrainport', '23543', 'Offline', '2018-09-23 08:59:53', '1999-11-26 13:10:58');
INSERT INTO `profiles` (`user_id`, `city`, `country`, `status`, `created_at`, `updated_at`) VALUES (42, 'Lake Rooseveltland', '7639669', 'Offline', '2002-06-13 04:56:29', '2006-01-12 14:07:04');
INSERT INTO `profiles` (`user_id`, `city`, `country`, `status`, `created_at`, `updated_at`) VALUES (43, 'Bayerside', '8', 'Online', '1993-01-17 14:11:33', '2004-08-26 16:33:02');
INSERT INTO `profiles` (`user_id`, `city`, `country`, `status`, `created_at`, `updated_at`) VALUES (44, 'New Gayville', '720685555', 'Online', '1979-12-07 19:36:00', '1987-09-05 00:35:01');
INSERT INTO `profiles` (`user_id`, `city`, `country`, `status`, `created_at`, `updated_at`) VALUES (45, 'North Reymundo', '74711', 'Online', '1979-09-24 09:59:09', '1972-12-01 06:00:23');
INSERT INTO `profiles` (`user_id`, `city`, `country`, `status`, `created_at`, `updated_at`) VALUES (46, 'South Lucindabury', '1502', 'Online', '1972-01-18 13:22:36', '2001-05-24 05:46:39');
INSERT INTO `profiles` (`user_id`, `city`, `country`, `status`, `created_at`, `updated_at`) VALUES (47, 'East Nyah', '369998', 'Inactive', '1990-11-02 06:39:17', '1992-05-15 01:01:26');
INSERT INTO `profiles` (`user_id`, `city`, `country`, `status`, `created_at`, `updated_at`) VALUES (48, 'Alanafort', '94', 'Inactive', '1976-11-10 06:27:55', '2017-04-24 10:12:22');
INSERT INTO `profiles` (`user_id`, `city`, `country`, `status`, `created_at`, `updated_at`) VALUES (49, 'North Modestohaven', '1', 'Online', '1991-10-21 04:58:51', '2009-03-15 14:51:10');
INSERT INTO `profiles` (`user_id`, `city`, `country`, `status`, `created_at`, `updated_at`) VALUES (50, 'Christiansenland', '', 'Offline', '2000-08-18 12:16:15', '1973-04-20 07:01:36');
INSERT INTO `profiles` (`user_id`, `city`, `country`, `status`, `created_at`, `updated_at`) VALUES (51, 'East Harrymouth', '5993340', 'Online', '2019-05-11 00:43:53', '2008-07-17 02:29:15');
INSERT INTO `profiles` (`user_id`, `city`, `country`, `status`, `created_at`, `updated_at`) VALUES (52, 'East Bonitahaven', '7221', 'Online', '2016-08-24 00:05:30', '2021-03-25 18:16:38');
INSERT INTO `profiles` (`user_id`, `city`, `country`, `status`, `created_at`, `updated_at`) VALUES (53, 'Ashlymouth', '', 'Offline', '1995-02-08 14:36:29', '2010-10-26 09:45:30');
INSERT INTO `profiles` (`user_id`, `city`, `country`, `status`, `created_at`, `updated_at`) VALUES (54, 'Kulasside', '399637902', 'Offline', '1988-07-29 12:43:09', '2018-07-04 22:38:44');
INSERT INTO `profiles` (`user_id`, `city`, `country`, `status`, `created_at`, `updated_at`) VALUES (55, 'West Eleonoreshire', '9770342', 'Offline', '1982-04-06 15:09:28', '2019-07-27 11:32:55');
INSERT INTO `profiles` (`user_id`, `city`, `country`, `status`, `created_at`, `updated_at`) VALUES (56, 'Trantowview', '846010', 'Inactive', '2016-01-04 08:53:01', '2020-07-27 20:48:04');
INSERT INTO `profiles` (`user_id`, `city`, `country`, `status`, `created_at`, `updated_at`) VALUES (57, 'New Leilani', '', 'Online', '1994-04-05 17:17:37', '2004-02-13 12:16:37');
INSERT INTO `profiles` (`user_id`, `city`, `country`, `status`, `created_at`, `updated_at`) VALUES (58, 'West Weston', '8764', 'Offline', '1978-02-03 04:07:09', '2015-08-29 17:40:47');
INSERT INTO `profiles` (`user_id`, `city`, `country`, `status`, `created_at`, `updated_at`) VALUES (59, 'South Marcchester', '71786', 'Inactive', '2009-06-16 18:35:09', '2008-07-02 22:35:53');
INSERT INTO `profiles` (`user_id`, `city`, `country`, `status`, `created_at`, `updated_at`) VALUES (60, 'Rueckerberg', '996049', 'Offline', '2004-07-23 12:11:50', '2012-11-30 08:23:07');
INSERT INTO `profiles` (`user_id`, `city`, `country`, `status`, `created_at`, `updated_at`) VALUES (61, 'Lake Reginald', '270200', 'Inactive', '1995-02-28 14:10:22', '1984-01-20 03:11:18');
INSERT INTO `profiles` (`user_id`, `city`, `country`, `status`, `created_at`, `updated_at`) VALUES (62, 'Stokesfort', '1461', 'Online', '1987-09-05 07:59:33', '1980-12-03 18:10:30');
INSERT INTO `profiles` (`user_id`, `city`, `country`, `status`, `created_at`, `updated_at`) VALUES (63, 'Lake Tevinbury', '58', 'Online', '1972-10-07 13:20:01', '1984-06-06 10:34:05');
INSERT INTO `profiles` (`user_id`, `city`, `country`, `status`, `created_at`, `updated_at`) VALUES (64, 'Lake Korybury', '2299', 'Offline', '2008-09-15 15:44:22', '2005-08-08 17:15:48');
INSERT INTO `profiles` (`user_id`, `city`, `country`, `status`, `created_at`, `updated_at`) VALUES (65, 'Lake Coyport', '3', 'Online', '1997-01-16 21:55:57', '1976-09-25 08:31:36');
INSERT INTO `profiles` (`user_id`, `city`, `country`, `status`, `created_at`, `updated_at`) VALUES (66, 'Port Aniyahchester', '774', 'Online', '2008-11-04 09:14:36', '2020-09-18 19:37:18');
INSERT INTO `profiles` (`user_id`, `city`, `country`, `status`, `created_at`, `updated_at`) VALUES (67, 'Veumton', '9657', 'Offline', '1997-03-27 07:00:28', '1972-11-05 21:19:56');
INSERT INTO `profiles` (`user_id`, `city`, `country`, `status`, `created_at`, `updated_at`) VALUES (68, 'Mosheside', '85', 'Online', '2006-10-19 15:30:49', '2014-03-23 22:47:54');
INSERT INTO `profiles` (`user_id`, `city`, `country`, `status`, `created_at`, `updated_at`) VALUES (69, 'Fadelhaven', '', 'Offline', '2005-05-02 21:58:22', '1985-12-16 07:02:30');
INSERT INTO `profiles` (`user_id`, `city`, `country`, `status`, `created_at`, `updated_at`) VALUES (70, 'Port Alexys', '47895433', 'Online', '1986-03-10 14:50:12', '1976-12-28 01:08:47');
INSERT INTO `profiles` (`user_id`, `city`, `country`, `status`, `created_at`, `updated_at`) VALUES (71, 'Terryburgh', '', 'Online', '1980-07-12 23:27:58', '1984-08-01 17:27:55');
INSERT INTO `profiles` (`user_id`, `city`, `country`, `status`, `created_at`, `updated_at`) VALUES (72, 'Hesselmouth', '734', 'Offline', '2008-01-21 19:54:45', '1976-10-22 18:47:09');
INSERT INTO `profiles` (`user_id`, `city`, `country`, `status`, `created_at`, `updated_at`) VALUES (73, 'Dickinsonborough', '1', 'Inactive', '1986-05-15 21:54:37', '1975-03-13 00:09:03');
INSERT INTO `profiles` (`user_id`, `city`, `country`, `status`, `created_at`, `updated_at`) VALUES (74, 'Raynorport', '', 'Inactive', '2021-07-13 05:11:13', '1997-12-11 23:30:45');
INSERT INTO `profiles` (`user_id`, `city`, `country`, `status`, `created_at`, `updated_at`) VALUES (75, 'Thurmanberg', '3897', 'Offline', '1990-04-16 03:52:08', '1990-05-18 03:02:09');
INSERT INTO `profiles` (`user_id`, `city`, `country`, `status`, `created_at`, `updated_at`) VALUES (76, 'Kelvinstad', '6', 'Online', '1992-05-10 19:49:38', '2003-04-13 21:16:10');
INSERT INTO `profiles` (`user_id`, `city`, `country`, `status`, `created_at`, `updated_at`) VALUES (77, 'Lake Rowland', '43966360', 'Inactive', '1988-08-11 22:12:30', '2008-11-23 13:54:23');
INSERT INTO `profiles` (`user_id`, `city`, `country`, `status`, `created_at`, `updated_at`) VALUES (78, 'East Emmitt', '8547', 'Inactive', '1996-06-10 20:02:33', '1988-08-08 23:49:35');
INSERT INTO `profiles` (`user_id`, `city`, `country`, `status`, `created_at`, `updated_at`) VALUES (79, 'Windlershire', '284796', 'Online', '2015-04-30 02:20:19', '1983-03-12 21:41:59');
INSERT INTO `profiles` (`user_id`, `city`, `country`, `status`, `created_at`, `updated_at`) VALUES (80, 'Lake Aliyachester', '246936', 'Offline', '1978-10-07 15:39:33', '1986-02-24 16:24:38');
INSERT INTO `profiles` (`user_id`, `city`, `country`, `status`, `created_at`, `updated_at`) VALUES (81, 'Whitestad', '29', 'Online', '2020-05-07 09:57:18', '1986-05-01 19:06:33');
INSERT INTO `profiles` (`user_id`, `city`, `country`, `status`, `created_at`, `updated_at`) VALUES (82, 'Cathyfurt', '60552', 'Offline', '1980-09-04 03:08:46', '1972-10-10 13:47:09');
INSERT INTO `profiles` (`user_id`, `city`, `country`, `status`, `created_at`, `updated_at`) VALUES (83, 'New Evie', '4432', 'Online', '1986-08-13 15:19:49', '1998-07-26 06:15:10');
INSERT INTO `profiles` (`user_id`, `city`, `country`, `status`, `created_at`, `updated_at`) VALUES (84, 'Krisberg', '527088', 'Inactive', '1970-09-26 14:43:03', '1982-08-16 03:05:47');
INSERT INTO `profiles` (`user_id`, `city`, `country`, `status`, `created_at`, `updated_at`) VALUES (85, 'West Maurine', '54', 'Online', '2011-05-05 06:37:26', '1988-03-25 19:19:35');
INSERT INTO `profiles` (`user_id`, `city`, `country`, `status`, `created_at`, `updated_at`) VALUES (86, 'East Summer', '1123', 'Inactive', '1996-06-28 13:56:25', '2015-10-29 11:48:24');
INSERT INTO `profiles` (`user_id`, `city`, `country`, `status`, `created_at`, `updated_at`) VALUES (87, 'South Fredy', '11917270', 'Offline', '1983-12-12 04:49:48', '2002-04-10 07:54:33');
INSERT INTO `profiles` (`user_id`, `city`, `country`, `status`, `created_at`, `updated_at`) VALUES (88, 'Antoninachester', '38505', 'Online', '1997-03-15 17:32:40', '1998-02-14 12:49:15');
INSERT INTO `profiles` (`user_id`, `city`, `country`, `status`, `created_at`, `updated_at`) VALUES (89, 'Yostton', '577701', 'Offline', '1977-10-09 12:34:04', '1983-12-10 14:23:18');
INSERT INTO `profiles` (`user_id`, `city`, `country`, `status`, `created_at`, `updated_at`) VALUES (90, 'West Sethville', '9209', 'Inactive', '2019-01-03 05:26:34', '1989-03-25 00:33:09');
INSERT INTO `profiles` (`user_id`, `city`, `country`, `status`, `created_at`, `updated_at`) VALUES (91, 'McDermottland', '6465', 'Offline', '1976-09-12 17:23:31', '1987-06-10 01:40:28');
INSERT INTO `profiles` (`user_id`, `city`, `country`, `status`, `created_at`, `updated_at`) VALUES (92, 'East Trinityton', '3005896', 'Inactive', '1994-10-04 02:59:48', '2004-09-25 21:05:17');
INSERT INTO `profiles` (`user_id`, `city`, `country`, `status`, `created_at`, `updated_at`) VALUES (93, 'New Jeromeport', '284703455', 'Offline', '1997-02-23 12:08:06', '2017-08-24 15:55:37');
INSERT INTO `profiles` (`user_id`, `city`, `country`, `status`, `created_at`, `updated_at`) VALUES (94, 'West Magnusshire', '235', 'Offline', '1979-02-02 08:27:04', '2020-05-04 14:42:18');
INSERT INTO `profiles` (`user_id`, `city`, `country`, `status`, `created_at`, `updated_at`) VALUES (95, 'Pagacshire', '239', 'Offline', '2018-07-05 18:47:10', '1989-12-19 21:07:24');
INSERT INTO `profiles` (`user_id`, `city`, `country`, `status`, `created_at`, `updated_at`) VALUES (96, 'Kenyaberg', '6077', 'Inactive', '2013-11-23 15:48:34', '2004-01-23 20:21:54');
INSERT INTO `profiles` (`user_id`, `city`, `country`, `status`, `created_at`, `updated_at`) VALUES (97, 'East Alejandra', '88', 'Online', '1984-04-01 18:17:18', '1988-12-20 23:47:54');
INSERT INTO `profiles` (`user_id`, `city`, `country`, `status`, `created_at`, `updated_at`) VALUES (98, 'Lake Dorafurt', '557716892', 'Inactive', '1987-12-11 22:46:36', '1978-06-06 07:22:22');
INSERT INTO `profiles` (`user_id`, `city`, `country`, `status`, `created_at`, `updated_at`) VALUES (99, 'Stammtown', '45', 'Offline', '2018-06-18 09:37:00', '1986-10-22 15:46:21');
INSERT INTO `profiles` (`user_id`, `city`, `country`, `status`, `created_at`, `updated_at`) VALUES (100, 'Lake Erick', '6580879', 'Online', '1984-06-06 14:36:34', '1989-10-08 17:08:35');


#
# TABLE STRUCTURE FOR: users
#

DROP TABLE IF EXISTS `users`;

CREATE TABLE `users` (
  `id` int(10) unsigned NOT NULL AUTO_INCREMENT COMMENT 'Идентификатор строки',
  `first_name` varchar(100) COLLATE utf8mb4_unicode_ci NOT NULL COMMENT 'Имя пользователя',
  `last_name` varchar(100) COLLATE utf8mb4_unicode_ci NOT NULL COMMENT 'Фамилия пользователя',
  `birthday` date NOT NULL COMMENT 'Дата рождения',
  `gender` char(1) COLLATE utf8mb4_unicode_ci NOT NULL COMMENT 'Пол',
  `email` varchar(100) COLLATE utf8mb4_unicode_ci NOT NULL COMMENT 'Email пользователя',
  `phone` varchar(11) COLLATE utf8mb4_unicode_ci NOT NULL COMMENT 'Номер телефона пользователя',
  `created_at` datetime DEFAULT current_timestamp() COMMENT 'Дата и время создания строки',
  `updated_at` datetime DEFAULT current_timestamp() COMMENT 'Дата и время обновленния строки',
  PRIMARY KEY (`id`),
  UNIQUE KEY `email` (`email`),
  UNIQUE KEY `phone` (`phone`)
) ENGINE=InnoDB AUTO_INCREMENT=101 DEFAULT CHARSET=utf8mb4 COLLATE=utf8mb4_unicode_ci;

INSERT INTO `users` (`id`, `first_name`, `last_name`, `birthday`, `gender`, `email`, `phone`, `created_at`, `updated_at`) VALUES (1, 'Neoma', 'Kemmer', '2019-08-10', '', 'leif76@example.com', '853.021.970', '1981-07-10 23:47:12', '1991-01-31 06:26:57');
INSERT INTO `users` (`id`, `first_name`, `last_name`, `birthday`, `gender`, `email`, `phone`, `created_at`, `updated_at`) VALUES (2, 'Shanel', 'Boehm', '1971-12-27', '', 'enola.durgan@example.org', '034.478.394', '1987-11-29 22:10:09', '1988-11-27 04:19:38');
INSERT INTO `users` (`id`, `first_name`, `last_name`, `birthday`, `gender`, `email`, `phone`, `created_at`, `updated_at`) VALUES (3, 'Vance', 'Bayer', '2009-07-25', '', 'max69@example.com', '880-658-498', '1973-09-20 13:12:25', '1975-02-18 12:09:30');
INSERT INTO `users` (`id`, `first_name`, `last_name`, `birthday`, `gender`, `email`, `phone`, `created_at`, `updated_at`) VALUES (4, 'Ryan', 'Klein', '1976-05-18', '', 'leonard25@example.net', '(294)378-50', '1971-08-02 04:38:44', '2012-04-22 07:16:47');
INSERT INTO `users` (`id`, `first_name`, `last_name`, `birthday`, `gender`, `email`, `phone`, `created_at`, `updated_at`) VALUES (5, 'Marcus', 'Gislason', '1998-08-25', '', 'douglas.kirlin@example.com', '1-232-654-9', '1998-01-07 06:01:45', '1981-08-17 08:20:00');
INSERT INTO `users` (`id`, `first_name`, `last_name`, `birthday`, `gender`, `email`, `phone`, `created_at`, `updated_at`) VALUES (6, 'Garland', 'Armstrong', '2000-03-15', '', 'torp.eugenia@example.net', '478.186.101', '2012-04-07 16:19:48', '2019-04-19 14:30:22');
INSERT INTO `users` (`id`, `first_name`, `last_name`, `birthday`, `gender`, `email`, `phone`, `created_at`, `updated_at`) VALUES (7, 'Aimee', 'Turcotte', '2002-04-05', '', 'ufriesen@example.org', '649-495-387', '1983-09-16 17:57:16', '1980-09-15 23:48:10');
INSERT INTO `users` (`id`, `first_name`, `last_name`, `birthday`, `gender`, `email`, `phone`, `created_at`, `updated_at`) VALUES (8, 'Justen', 'Nader', '1993-04-23', '', 'wmiller@example.com', '295.458.313', '1997-12-10 14:06:10', '2017-10-09 00:08:57');
INSERT INTO `users` (`id`, `first_name`, `last_name`, `birthday`, `gender`, `email`, `phone`, `created_at`, `updated_at`) VALUES (9, 'Jarrett', 'Schaden', '1998-11-19', '', 'barton19@example.net', '+83(2)13790', '1973-05-21 07:32:15', '2001-12-02 07:17:22');
INSERT INTO `users` (`id`, `first_name`, `last_name`, `birthday`, `gender`, `email`, `phone`, `created_at`, `updated_at`) VALUES (10, 'Danielle', 'Fisher', '1995-06-26', '', 'reinger.clarabelle@example.org', '063-464-909', '1975-03-01 20:18:27', '1975-12-30 21:53:18');
INSERT INTO `users` (`id`, `first_name`, `last_name`, `birthday`, `gender`, `email`, `phone`, `created_at`, `updated_at`) VALUES (11, 'Willow', 'Bailey', '2004-01-16', '', 'joshuah29@example.org', '258-993-154', '1996-10-25 05:19:52', '2012-06-29 21:58:57');
INSERT INTO `users` (`id`, `first_name`, `last_name`, `birthday`, `gender`, `email`, `phone`, `created_at`, `updated_at`) VALUES (12, 'Noel', 'Farrell', '1984-05-22', '', 'stanley.hills@example.net', '717-960-650', '1997-12-18 08:15:38', '2011-07-04 21:53:16');
INSERT INTO `users` (`id`, `first_name`, `last_name`, `birthday`, `gender`, `email`, `phone`, `created_at`, `updated_at`) VALUES (13, 'Lewis', 'VonRueden', '1995-09-29', '', 'vjacobson@example.org', '1-120-091-3', '1973-04-05 19:15:01', '2001-09-10 11:05:00');
INSERT INTO `users` (`id`, `first_name`, `last_name`, `birthday`, `gender`, `email`, `phone`, `created_at`, `updated_at`) VALUES (14, 'Lucious', 'O\'Conner', '1988-07-17', '', 'bonnie39@example.net', '(285)730-53', '1984-08-15 07:25:46', '2018-03-01 04:20:58');
INSERT INTO `users` (`id`, `first_name`, `last_name`, `birthday`, `gender`, `email`, `phone`, `created_at`, `updated_at`) VALUES (15, 'Remington', 'Streich', '2009-08-27', '', 'fcollier@example.com', '599.588.852', '1983-06-06 05:26:22', '1973-04-06 14:35:59');
INSERT INTO `users` (`id`, `first_name`, `last_name`, `birthday`, `gender`, `email`, `phone`, `created_at`, `updated_at`) VALUES (16, 'Virgil', 'Runte', '1991-05-18', '', 'russel.thad@example.com', '1-083-528-6', '1985-02-11 00:52:52', '1994-05-29 16:18:16');
INSERT INTO `users` (`id`, `first_name`, `last_name`, `birthday`, `gender`, `email`, `phone`, `created_at`, `updated_at`) VALUES (17, 'Neal', 'Swaniawski', '2008-11-07', '', 'celestine39@example.org', '1-866-963-0', '1977-02-09 20:24:03', '2013-06-08 00:18:00');
INSERT INTO `users` (`id`, `first_name`, `last_name`, `birthday`, `gender`, `email`, `phone`, `created_at`, `updated_at`) VALUES (18, 'Opal', 'Roob', '1971-05-07', '', 'gerardo.ortiz@example.net', '958-904-878', '1993-03-24 17:22:15', '2008-12-04 10:39:49');
INSERT INTO `users` (`id`, `first_name`, `last_name`, `birthday`, `gender`, `email`, `phone`, `created_at`, `updated_at`) VALUES (19, 'Korey', 'Armstrong', '1983-12-28', '', 'glover.garry@example.net', '1-605-518-8', '1978-12-25 05:29:46', '1974-05-19 04:10:57');
INSERT INTO `users` (`id`, `first_name`, `last_name`, `birthday`, `gender`, `email`, `phone`, `created_at`, `updated_at`) VALUES (20, 'Lenore', 'Schuster', '1986-05-26', '', 'swift.wendy@example.com', '03113934886', '1996-05-21 02:18:33', '1975-02-23 06:44:09');
INSERT INTO `users` (`id`, `first_name`, `last_name`, `birthday`, `gender`, `email`, `phone`, `created_at`, `updated_at`) VALUES (21, 'Delbert', 'Feeney', '1993-05-09', '', 'marietta.roob@example.org', '080-937-709', '2002-03-12 10:43:56', '2008-04-03 14:01:04');
INSERT INTO `users` (`id`, `first_name`, `last_name`, `birthday`, `gender`, `email`, `phone`, `created_at`, `updated_at`) VALUES (22, 'Jefferey', 'Yost', '2012-03-25', '', 'robb.jerde@example.net', '+92(4)51108', '1990-07-08 10:34:18', '1985-01-09 07:36:06');
INSERT INTO `users` (`id`, `first_name`, `last_name`, `birthday`, `gender`, `email`, `phone`, `created_at`, `updated_at`) VALUES (23, 'Coty', 'Bogan', '1993-02-18', '', 'kameron61@example.org', '(725)024-54', '2009-01-18 00:37:05', '1983-07-13 07:05:21');
INSERT INTO `users` (`id`, `first_name`, `last_name`, `birthday`, `gender`, `email`, `phone`, `created_at`, `updated_at`) VALUES (24, 'Gudrun', 'Mayer', '1998-08-23', '', 'douglas.wehner@example.net', '780.974.795', '1986-10-20 13:18:14', '2007-12-06 12:50:32');
INSERT INTO `users` (`id`, `first_name`, `last_name`, `birthday`, `gender`, `email`, `phone`, `created_at`, `updated_at`) VALUES (25, 'Jeremy', 'Doyle', '2015-05-19', '', 'johnnie16@example.net', '(625)003-08', '1973-02-08 09:48:32', '2017-06-04 05:59:29');
INSERT INTO `users` (`id`, `first_name`, `last_name`, `birthday`, `gender`, `email`, `phone`, `created_at`, `updated_at`) VALUES (26, 'Laurie', 'Konopelski', '1970-11-05', '', 'pgislason@example.com', '03256421807', '1998-02-04 02:38:19', '2000-06-12 20:59:59');
INSERT INTO `users` (`id`, `first_name`, `last_name`, `birthday`, `gender`, `email`, `phone`, `created_at`, `updated_at`) VALUES (27, 'Hal', 'Wolff', '1973-02-06', '', 'jmueller@example.org', '901-539-375', '2002-10-12 06:59:37', '1987-01-22 01:14:34');
INSERT INTO `users` (`id`, `first_name`, `last_name`, `birthday`, `gender`, `email`, `phone`, `created_at`, `updated_at`) VALUES (28, 'Delfina', 'Steuber', '2020-07-04', '', 'schulist.ayla@example.org', '1-173-104-1', '1971-12-28 05:26:34', '1995-03-30 08:34:38');
INSERT INTO `users` (`id`, `first_name`, `last_name`, `birthday`, `gender`, `email`, `phone`, `created_at`, `updated_at`) VALUES (29, 'Pattie', 'Will', '2005-10-22', '', 'godfrey.kulas@example.com', '1-774-953-8', '1976-09-17 05:16:15', '2001-04-13 20:48:45');
INSERT INTO `users` (`id`, `first_name`, `last_name`, `birthday`, `gender`, `email`, `phone`, `created_at`, `updated_at`) VALUES (30, 'Amalia', 'Erdman', '2001-10-04', '', 'zquigley@example.net', '05936624172', '1994-01-10 07:04:33', '1980-07-04 10:57:19');
INSERT INTO `users` (`id`, `first_name`, `last_name`, `birthday`, `gender`, `email`, `phone`, `created_at`, `updated_at`) VALUES (31, 'Bobby', 'Dickinson', '2007-07-10', '', 'leola08@example.org', '1-135-522-3', '1981-02-07 16:35:48', '1997-09-27 20:31:25');
INSERT INTO `users` (`id`, `first_name`, `last_name`, `birthday`, `gender`, `email`, `phone`, `created_at`, `updated_at`) VALUES (32, 'Garrick', 'Bednar', '1994-07-26', '', 'steuber.minnie@example.org', '902.595.042', '2021-01-22 14:10:48', '1978-10-07 09:29:18');
INSERT INTO `users` (`id`, `first_name`, `last_name`, `birthday`, `gender`, `email`, `phone`, `created_at`, `updated_at`) VALUES (33, 'Baylee', 'Fay', '1988-12-19', '', 'ondricka.trystan@example.net', '875-725-697', '2008-07-21 06:29:54', '1974-03-09 09:36:49');
INSERT INTO `users` (`id`, `first_name`, `last_name`, `birthday`, `gender`, `email`, `phone`, `created_at`, `updated_at`) VALUES (34, 'Justice', 'Funk', '1996-09-24', '', 'burnice.kertzmann@example.net', '+26(4)62460', '1977-01-09 09:22:41', '2008-05-29 05:13:49');
INSERT INTO `users` (`id`, `first_name`, `last_name`, `birthday`, `gender`, `email`, `phone`, `created_at`, `updated_at`) VALUES (35, 'Pansy', 'Yost', '2020-06-22', '', 'tiffany85@example.net', '169-832-098', '2010-08-31 16:25:48', '1976-10-21 18:56:43');
INSERT INTO `users` (`id`, `first_name`, `last_name`, `birthday`, `gender`, `email`, `phone`, `created_at`, `updated_at`) VALUES (36, 'Adell', 'Kilback', '1985-01-21', '', 'medhurst.lucious@example.org', '975-990-971', '1997-09-09 02:33:59', '2012-07-18 12:58:33');
INSERT INTO `users` (`id`, `first_name`, `last_name`, `birthday`, `gender`, `email`, `phone`, `created_at`, `updated_at`) VALUES (37, 'Joanny', 'Tremblay', '1983-08-06', '', 'ayana.lockman@example.net', '492.213.175', '1987-12-05 07:03:12', '1987-05-20 22:21:59');
INSERT INTO `users` (`id`, `first_name`, `last_name`, `birthday`, `gender`, `email`, `phone`, `created_at`, `updated_at`) VALUES (38, 'Zachariah', 'Kling', '2008-04-05', '', 'jcummerata@example.org', '1-461-490-0', '1976-05-16 22:59:44', '2013-08-04 22:43:58');
INSERT INTO `users` (`id`, `first_name`, `last_name`, `birthday`, `gender`, `email`, `phone`, `created_at`, `updated_at`) VALUES (39, 'Wilfred', 'Steuber', '2001-04-06', '', 'larson.iliana@example.com', '146-914-374', '2003-07-13 01:56:21', '1989-12-02 06:54:59');
INSERT INTO `users` (`id`, `first_name`, `last_name`, `birthday`, `gender`, `email`, `phone`, `created_at`, `updated_at`) VALUES (40, 'Alta', 'Cronin', '2003-03-27', '', 'amelia08@example.org', '+91(1)92672', '2016-11-29 07:16:24', '2004-03-30 07:28:25');
INSERT INTO `users` (`id`, `first_name`, `last_name`, `birthday`, `gender`, `email`, `phone`, `created_at`, `updated_at`) VALUES (41, 'Celine', 'Gutkowski', '1997-12-29', '', 'obecker@example.org', '1-693-243-5', '2008-03-20 11:39:32', '1986-06-12 05:55:50');
INSERT INTO `users` (`id`, `first_name`, `last_name`, `birthday`, `gender`, `email`, `phone`, `created_at`, `updated_at`) VALUES (42, 'Reyna', 'Schaden', '2009-07-07', '', 'dallin.kshlerin@example.org', '1-795-846-1', '1976-09-15 14:40:35', '1988-01-01 11:14:33');
INSERT INTO `users` (`id`, `first_name`, `last_name`, `birthday`, `gender`, `email`, `phone`, `created_at`, `updated_at`) VALUES (43, 'Odessa', 'Legros', '2003-09-04', '', 'florida42@example.net', '618.675.400', '2016-02-08 18:47:57', '1996-11-11 22:42:25');
INSERT INTO `users` (`id`, `first_name`, `last_name`, `birthday`, `gender`, `email`, `phone`, `created_at`, `updated_at`) VALUES (44, 'Constance', 'Ruecker', '1976-02-13', '', 'cjenkins@example.net', '1-465-213-4', '1975-10-06 22:33:23', '2008-06-14 15:30:11');
INSERT INTO `users` (`id`, `first_name`, `last_name`, `birthday`, `gender`, `email`, `phone`, `created_at`, `updated_at`) VALUES (45, 'Conrad', 'Hayes', '2021-02-24', '', 'cicero04@example.net', '824.535.635', '1994-04-07 13:49:12', '2000-04-16 19:35:26');
INSERT INTO `users` (`id`, `first_name`, `last_name`, `birthday`, `gender`, `email`, `phone`, `created_at`, `updated_at`) VALUES (46, 'Lon', 'Conroy', '2015-11-20', '', 'blesch@example.net', '+32(5)69238', '2015-02-06 03:00:29', '2016-03-24 15:28:47');
INSERT INTO `users` (`id`, `first_name`, `last_name`, `birthday`, `gender`, `email`, `phone`, `created_at`, `updated_at`) VALUES (47, 'Dana', 'Rohan', '1976-09-13', '', 'd\'amore.josianne@example.com', '997-713-689', '1976-06-26 07:36:38', '1973-03-02 11:38:02');
INSERT INTO `users` (`id`, `first_name`, `last_name`, `birthday`, `gender`, `email`, `phone`, `created_at`, `updated_at`) VALUES (48, 'Zoila', 'Romaguera', '1997-04-01', '', 'dstoltenberg@example.com', '041.114.128', '1976-11-09 11:14:14', '1996-01-16 03:04:33');
INSERT INTO `users` (`id`, `first_name`, `last_name`, `birthday`, `gender`, `email`, `phone`, `created_at`, `updated_at`) VALUES (49, 'Regan', 'Schmeler', '2003-05-15', '', 'durgan.keshawn@example.org', '(303)650-74', '1986-07-28 04:49:19', '1996-02-22 16:47:40');
INSERT INTO `users` (`id`, `first_name`, `last_name`, `birthday`, `gender`, `email`, `phone`, `created_at`, `updated_at`) VALUES (50, 'Ahmad', 'Wiegand', '1973-07-08', '', 'kessler.russ@example.org', '06987382432', '1977-12-04 02:00:16', '2013-03-12 03:37:52');
INSERT INTO `users` (`id`, `first_name`, `last_name`, `birthday`, `gender`, `email`, `phone`, `created_at`, `updated_at`) VALUES (51, 'Desiree', 'Weissnat', '1982-04-14', '', 'antonia.rodriguez@example.net', '808-651-558', '2001-02-01 05:53:13', '2011-10-17 05:13:05');
INSERT INTO `users` (`id`, `first_name`, `last_name`, `birthday`, `gender`, `email`, `phone`, `created_at`, `updated_at`) VALUES (52, 'Rogelio', 'Romaguera', '2005-08-05', '', 'thora.murazik@example.org', '368-395-943', '2017-10-27 12:59:54', '1972-02-17 01:30:33');
INSERT INTO `users` (`id`, `first_name`, `last_name`, `birthday`, `gender`, `email`, `phone`, `created_at`, `updated_at`) VALUES (53, 'Tommie', 'Hand', '1998-01-04', '', 'hettie.carroll@example.net', '(683)891-47', '1978-02-22 22:06:34', '1996-12-03 07:43:08');
INSERT INTO `users` (`id`, `first_name`, `last_name`, `birthday`, `gender`, `email`, `phone`, `created_at`, `updated_at`) VALUES (54, 'Crystal', 'Parker', '1978-01-18', '', 'sabina.greenholt@example.com', '328-634-193', '2019-08-25 04:35:13', '2001-08-31 22:56:19');
INSERT INTO `users` (`id`, `first_name`, `last_name`, `birthday`, `gender`, `email`, `phone`, `created_at`, `updated_at`) VALUES (55, 'Gudrun', 'Corwin', '2006-10-04', '', 'isadore88@example.net', '1-027-196-2', '1992-05-29 04:07:13', '2019-12-16 14:41:55');
INSERT INTO `users` (`id`, `first_name`, `last_name`, `birthday`, `gender`, `email`, `phone`, `created_at`, `updated_at`) VALUES (56, 'Keshawn', 'Steuber', '2003-10-09', '', 'tod31@example.org', '412-033-964', '1997-09-29 06:23:15', '2013-02-18 07:56:11');
INSERT INTO `users` (`id`, `first_name`, `last_name`, `birthday`, `gender`, `email`, `phone`, `created_at`, `updated_at`) VALUES (57, 'Cesar', 'Paucek', '1986-01-15', '', 'mikayla67@example.com', '00556328150', '1981-10-29 19:04:40', '2017-06-06 01:05:36');
INSERT INTO `users` (`id`, `first_name`, `last_name`, `birthday`, `gender`, `email`, `phone`, `created_at`, `updated_at`) VALUES (58, 'Rodrick', 'Tremblay', '2015-11-30', '', 'renee61@example.org', '1-178-277-3', '1996-04-22 11:34:49', '1982-05-04 19:45:32');
INSERT INTO `users` (`id`, `first_name`, `last_name`, `birthday`, `gender`, `email`, `phone`, `created_at`, `updated_at`) VALUES (59, 'Leda', 'Daugherty', '1984-08-28', '', 'nichole00@example.net', '(274)597-70', '1977-10-01 15:04:11', '2000-12-31 01:59:58');
INSERT INTO `users` (`id`, `first_name`, `last_name`, `birthday`, `gender`, `email`, `phone`, `created_at`, `updated_at`) VALUES (60, 'Triston', 'Denesik', '1973-04-29', '', 'annabel34@example.com', '1-100-664-0', '1987-05-19 08:07:55', '1975-01-22 16:37:39');
INSERT INTO `users` (`id`, `first_name`, `last_name`, `birthday`, `gender`, `email`, `phone`, `created_at`, `updated_at`) VALUES (61, 'Elena', 'Howell', '1996-10-24', '', 'willy11@example.net', '(373)077-96', '2010-08-18 17:53:57', '2007-07-19 14:45:44');
INSERT INTO `users` (`id`, `first_name`, `last_name`, `birthday`, `gender`, `email`, `phone`, `created_at`, `updated_at`) VALUES (62, 'Benjamin', 'Harber', '1985-07-12', '', 'tlang@example.net', '544.909.244', '1990-09-06 14:52:31', '1987-04-13 13:56:46');
INSERT INTO `users` (`id`, `first_name`, `last_name`, `birthday`, `gender`, `email`, `phone`, `created_at`, `updated_at`) VALUES (63, 'Nova', 'Schmidt', '2019-03-15', '', 'thompson.bernice@example.com', '+90(0)74262', '1978-04-18 13:26:34', '1987-12-09 17:40:11');
INSERT INTO `users` (`id`, `first_name`, `last_name`, `birthday`, `gender`, `email`, `phone`, `created_at`, `updated_at`) VALUES (64, 'Nikita', 'Abernathy', '1996-12-04', '', 'vortiz@example.net', '019-026-186', '2003-10-23 20:54:47', '1988-04-29 13:40:22');
INSERT INTO `users` (`id`, `first_name`, `last_name`, `birthday`, `gender`, `email`, `phone`, `created_at`, `updated_at`) VALUES (65, 'Ed', 'Torphy', '1972-03-25', '', 'estell08@example.com', '07137440800', '1973-07-22 18:08:06', '2012-07-01 00:33:32');
INSERT INTO `users` (`id`, `first_name`, `last_name`, `birthday`, `gender`, `email`, `phone`, `created_at`, `updated_at`) VALUES (66, 'Haleigh', 'McDermott', '1995-09-30', '', 'qflatley@example.net', '664.179.976', '1983-08-21 01:48:59', '2012-01-13 18:54:07');
INSERT INTO `users` (`id`, `first_name`, `last_name`, `birthday`, `gender`, `email`, `phone`, `created_at`, `updated_at`) VALUES (67, 'Carlee', 'Cassin', '1979-10-02', '', 'vonrueden.jackie@example.org', '693-392-548', '1999-06-16 15:44:30', '2016-06-30 23:53:15');
INSERT INTO `users` (`id`, `first_name`, `last_name`, `birthday`, `gender`, `email`, `phone`, `created_at`, `updated_at`) VALUES (68, 'Angel', 'Mante', '1987-03-22', '', 'jonathan.bins@example.com', '(879)127-07', '1977-11-18 09:06:40', '2002-02-05 08:40:53');
INSERT INTO `users` (`id`, `first_name`, `last_name`, `birthday`, `gender`, `email`, `phone`, `created_at`, `updated_at`) VALUES (69, 'Rosalia', 'Rodriguez', '2010-02-24', '', 'jazmyn.o\'hara@example.org', '235.455.712', '1990-11-27 18:47:11', '1981-03-05 03:30:04');
INSERT INTO `users` (`id`, `first_name`, `last_name`, `birthday`, `gender`, `email`, `phone`, `created_at`, `updated_at`) VALUES (70, 'Levi', 'Klein', '1983-05-02', '', 'lubowitz.issac@example.com', '212-571-980', '1978-12-28 20:52:12', '2008-06-17 02:38:42');
INSERT INTO `users` (`id`, `first_name`, `last_name`, `birthday`, `gender`, `email`, `phone`, `created_at`, `updated_at`) VALUES (71, 'Vern', 'Cummerata', '1974-02-28', '', 'tdaniel@example.org', '267.127.918', '2003-04-06 07:30:54', '1972-11-28 05:26:44');
INSERT INTO `users` (`id`, `first_name`, `last_name`, `birthday`, `gender`, `email`, `phone`, `created_at`, `updated_at`) VALUES (72, 'Major', 'Batz', '1989-06-27', '', 'fredrick.murazik@example.net', '05353508415', '2011-02-23 17:57:40', '2020-05-03 17:35:24');
INSERT INTO `users` (`id`, `first_name`, `last_name`, `birthday`, `gender`, `email`, `phone`, `created_at`, `updated_at`) VALUES (73, 'Jaime', 'Lehner', '2018-03-10', '', 'kautzer.sydni@example.com', '447.825.216', '2015-06-13 16:04:45', '1990-12-15 15:59:35');
INSERT INTO `users` (`id`, `first_name`, `last_name`, `birthday`, `gender`, `email`, `phone`, `created_at`, `updated_at`) VALUES (74, 'Rene', 'Gutmann', '1989-04-27', '', 'dakota49@example.org', '362.823.686', '1995-01-11 14:26:27', '1990-07-27 12:48:51');
INSERT INTO `users` (`id`, `first_name`, `last_name`, `birthday`, `gender`, `email`, `phone`, `created_at`, `updated_at`) VALUES (75, 'Roman', 'Kulas', '2001-08-12', '', 'rbruen@example.net', '509.447.771', '1987-01-15 14:06:18', '1979-12-05 06:18:41');
INSERT INTO `users` (`id`, `first_name`, `last_name`, `birthday`, `gender`, `email`, `phone`, `created_at`, `updated_at`) VALUES (76, 'Daniela', 'Carroll', '2006-05-03', '', 'olson.vada@example.org', '624-227-960', '1985-04-26 17:17:08', '1985-08-29 08:58:26');
INSERT INTO `users` (`id`, `first_name`, `last_name`, `birthday`, `gender`, `email`, `phone`, `created_at`, `updated_at`) VALUES (77, 'Nikko', 'Cremin', '1997-09-19', '', 'cummings.zackary@example.org', '462-644-460', '1986-02-04 10:55:30', '1981-07-02 01:39:13');
INSERT INTO `users` (`id`, `first_name`, `last_name`, `birthday`, `gender`, `email`, `phone`, `created_at`, `updated_at`) VALUES (78, 'Camilla', 'Gorczany', '2013-01-20', '', 'dolores49@example.net', '1-944-248-8', '1975-01-02 08:47:50', '1980-09-10 23:57:51');
INSERT INTO `users` (`id`, `first_name`, `last_name`, `birthday`, `gender`, `email`, `phone`, `created_at`, `updated_at`) VALUES (79, 'Cristina', 'Lehner', '1971-08-03', '', 'freeda31@example.com', '(307)051-24', '1980-11-26 22:51:09', '2016-08-12 22:04:03');
INSERT INTO `users` (`id`, `first_name`, `last_name`, `birthday`, `gender`, `email`, `phone`, `created_at`, `updated_at`) VALUES (80, 'Rey', 'Okuneva', '1983-12-15', '', 'upton.fanny@example.net', '(742)316-70', '2010-12-29 08:25:19', '1977-09-30 21:20:54');
INSERT INTO `users` (`id`, `first_name`, `last_name`, `birthday`, `gender`, `email`, `phone`, `created_at`, `updated_at`) VALUES (81, 'Edgar', 'Jakubowski', '1984-12-14', '', 'romaguera.gladys@example.com', '102.929.187', '1970-03-25 22:09:01', '2004-03-14 03:55:09');
INSERT INTO `users` (`id`, `first_name`, `last_name`, `birthday`, `gender`, `email`, `phone`, `created_at`, `updated_at`) VALUES (82, 'Jamie', 'Streich', '1997-11-09', '', 'nyost@example.net', '(020)292-14', '1998-01-02 23:15:44', '2015-08-22 19:51:05');
INSERT INTO `users` (`id`, `first_name`, `last_name`, `birthday`, `gender`, `email`, `phone`, `created_at`, `updated_at`) VALUES (83, 'Emmanuel', 'Gleason', '2012-04-03', '', 'carter.jaron@example.com', '060-083-747', '1994-09-08 23:50:11', '2010-10-05 00:07:54');
INSERT INTO `users` (`id`, `first_name`, `last_name`, `birthday`, `gender`, `email`, `phone`, `created_at`, `updated_at`) VALUES (84, 'Kennedy', 'West', '1984-04-19', '', 'gschuster@example.org', '185.488.338', '1984-10-29 04:24:40', '1992-08-07 23:29:21');
INSERT INTO `users` (`id`, `first_name`, `last_name`, `birthday`, `gender`, `email`, `phone`, `created_at`, `updated_at`) VALUES (85, 'Sister', 'Labadie', '2007-10-27', '', 'bcrooks@example.org', '806.395.912', '1982-03-16 20:54:02', '1992-04-29 19:02:42');
INSERT INTO `users` (`id`, `first_name`, `last_name`, `birthday`, `gender`, `email`, `phone`, `created_at`, `updated_at`) VALUES (86, 'Deborah', 'Thompson', '1988-08-08', '', 'stroman.sydnee@example.org', '587.229.160', '2014-12-14 12:38:36', '2018-12-10 06:06:15');
INSERT INTO `users` (`id`, `first_name`, `last_name`, `birthday`, `gender`, `email`, `phone`, `created_at`, `updated_at`) VALUES (87, 'Karina', 'Muller', '1973-04-28', '', 'vritchie@example.org', '904.052.604', '1984-04-26 20:45:58', '1989-01-15 11:05:49');
INSERT INTO `users` (`id`, `first_name`, `last_name`, `birthday`, `gender`, `email`, `phone`, `created_at`, `updated_at`) VALUES (88, 'Kavon', 'Howell', '2010-01-20', '', 'pberge@example.net', '246-979-919', '1971-04-08 11:05:17', '2003-01-03 18:13:22');
INSERT INTO `users` (`id`, `first_name`, `last_name`, `birthday`, `gender`, `email`, `phone`, `created_at`, `updated_at`) VALUES (89, 'Dolores', 'Jones', '1987-04-06', '', 'dena71@example.org', '812.706.858', '1971-01-11 00:05:56', '1986-10-18 17:13:08');
INSERT INTO `users` (`id`, `first_name`, `last_name`, `birthday`, `gender`, `email`, `phone`, `created_at`, `updated_at`) VALUES (90, 'Maybell', 'Stanton', '1970-06-12', '', 'dsporer@example.org', '798.934.241', '1996-07-09 00:37:41', '2001-09-28 18:00:57');
INSERT INTO `users` (`id`, `first_name`, `last_name`, `birthday`, `gender`, `email`, `phone`, `created_at`, `updated_at`) VALUES (91, 'Larry', 'Dicki', '2016-01-04', '', 'fkohler@example.net', '(280)349-93', '2002-03-14 17:24:48', '2020-01-02 14:15:58');
INSERT INTO `users` (`id`, `first_name`, `last_name`, `birthday`, `gender`, `email`, `phone`, `created_at`, `updated_at`) VALUES (92, 'Ottis', 'Vandervort', '2020-09-11', '', 'carter63@example.com', '(269)336-42', '2008-11-29 03:38:56', '2011-10-21 10:38:11');
INSERT INTO `users` (`id`, `first_name`, `last_name`, `birthday`, `gender`, `email`, `phone`, `created_at`, `updated_at`) VALUES (93, 'Guiseppe', 'Beer', '2007-04-20', '', 'heller.tevin@example.org', '612-333-591', '1971-01-02 07:22:05', '2015-05-10 16:56:55');
INSERT INTO `users` (`id`, `first_name`, `last_name`, `birthday`, `gender`, `email`, `phone`, `created_at`, `updated_at`) VALUES (94, 'Vida', 'Hoppe', '2016-01-28', '', 'rcummings@example.org', '(212)591-03', '1983-12-19 01:24:00', '1983-02-10 06:43:48');
INSERT INTO `users` (`id`, `first_name`, `last_name`, `birthday`, `gender`, `email`, `phone`, `created_at`, `updated_at`) VALUES (95, 'Marilyne', 'Becker', '1981-05-21', '', 'shills@example.com', '331-100-747', '2010-07-20 19:51:56', '1973-07-10 22:09:25');
INSERT INTO `users` (`id`, `first_name`, `last_name`, `birthday`, `gender`, `email`, `phone`, `created_at`, `updated_at`) VALUES (96, 'Brice', 'Labadie', '2017-10-07', '', 'hodkiewicz.imelda@example.com', '791.801.488', '1982-01-17 13:57:09', '1970-03-17 17:09:00');
INSERT INTO `users` (`id`, `first_name`, `last_name`, `birthday`, `gender`, `email`, `phone`, `created_at`, `updated_at`) VALUES (97, 'Buddy', 'Connelly', '2018-03-25', '', 'rosario.mann@example.net', '03339162747', '2003-09-07 18:45:04', '2008-08-23 02:31:59');
INSERT INTO `users` (`id`, `first_name`, `last_name`, `birthday`, `gender`, `email`, `phone`, `created_at`, `updated_at`) VALUES (98, 'Moises', 'Hammes', '2020-07-01', '', 'bednar.kim@example.com', '319-080-467', '2006-03-04 18:43:00', '1991-08-15 11:23:48');
INSERT INTO `users` (`id`, `first_name`, `last_name`, `birthday`, `gender`, `email`, `phone`, `created_at`, `updated_at`) VALUES (99, 'Fredy', 'Wilderman', '2000-01-19', '', 'cormier.myles@example.com', '(523)400-28', '2018-03-31 19:34:57', '2016-08-15 10:59:29');
INSERT INTO `users` (`id`, `first_name`, `last_name`, `birthday`, `gender`, `email`, `phone`, `created_at`, `updated_at`) VALUES (100, 'Sven', 'Smitham', '2003-08-17', '', 'schiller.emmitt@example.org', '(718)561-97', '2002-09-07 15:53:48', '1991-08-20 05:03:41');


